fighter_id,totalSigStrikes,totalSigStrikesAttempted,totalKnockdowns,totalTakedowns,totalTakedownsAttempted,totalControlSecs,totalTakedownPercentage,totalSigStrikePercentage,opponentSigStrikes,opponentControlTimeSecs,opponentTakedowns,opponentTotalTakedown,opponentTakedownPercentage,totalFights,totalFinishes,totalFightTimeSecs
229,1507,3373.0,14,8,12.0,2917.0,0.6666666666666666,0.44678327898013637,1424,3080.0,17,53.0,0.32075471698113206,42,11,24598
268,1501,3206.0,10,34,64.0,3412.0,0.53125,0.4681846537741734,1483,1898.0,21,55.0,0.38181818181818183,25,8,19105
408,861,1745.0,3,45,84.0,5480.0,0.5357142857142857,0.49340974212034383,941,3254.0,13,40.0,0.325,26,9,15403
457,1329,3577.0,6,75,183.0,8970.0,0.4098360655737705,0.3715403969807101,1112,2560.0,23,74.0,0.3108108108108108,37,7,25397
581,1081,2034.0,14,27,56.0,3721.0,0.48214285714285715,0.5314650934119961,766,5471.0,47,102.0,0.46078431372549017,30,15,16594
596,1492,2596.0,5,40,88.0,4442.0,0.45454545454545453,0.5747303543913713,870,1018.0,7,22.0,0.3181818181818182,24,12,21408
607,1478,3430.0,7,60,97.0,8092.0,0.6185567010309279,0.43090379008746355,1348,4102.0,29,52.0,0.5576923076923077,45,19,26068
612,1812,4230.0,5,71,153.0,8337.0,0.46405228758169936,0.42836879432624114,1702,7399.0,72,158.0,0.45569620253164556,36,9,31399
723,1227,2877.0,4,63,156.0,6927.0,0.40384615384615385,0.4264859228362878,1065,3950.0,28,76.0,0.3684210526315789,29,7,20774
735,1285,3202.0,4,38,94.0,3515.0,0.40425531914893614,0.40131168019987506,1076,1579.0,12,39.0,0.3076923076923077,23,3,17299
740,1154,2589.0,5,23,62.0,3996.0,0.3709677419354839,0.44573194283507145,1020,2572.0,17,74.0,0.22972972972972974,25,2,19355
750,775,1514.0,8,35,73.0,5259.0,0.4794520547945205,0.511889035667107,813,3788.0,26,54.0,0.48148148148148145,34,20,15587
773,1774,3871.0,16,20,37.0,3174.0,0.5405405405405406,0.4582795143373805,1431,1891.0,19,42.0,0.4523809523809524,30,9,21947
777,1423,3425.0,6,16,33.0,2577.0,0.48484848484848486,0.4154744525547445,1350,2802.0,18,52.0,0.34615384615384615,30,6,20703
791,1253,3119.0,8,6,19.0,529.0,0.3157894736842105,0.4017313241423533,1095,269.0,1,6.0,0.16666666666666666,20,3,14563
792,1668,3462.0,13,25,50.0,3857.0,0.5,0.48180242634315423,1382,4112.0,37,89.0,0.4157303370786517,31,15,19392
796,492,1050.0,5,41,85.0,5711.0,0.4823529411764706,0.4685714285714286,434,3364.0,20,44.0,0.45454545454545453,21,7,13848
812,777,1548.0,4,24,52.0,2183.0,0.46153846153846156,0.501937984496124,528,2600.0,28,58.0,0.4827586206896552,20,7,12094
827,505,1282.0,1,8,11.0,1263.0,0.7272727272727273,0.39391575663026523,734,1024.0,12,24.0,0.5,12,6,9065
829,1416,3065.0,6,21,41.0,3406.0,0.5121951219512195,0.46199021207177815,1218,3847.0,38,102.0,0.37254901960784315,30,6,21646
832,1485,3308.0,6,14,24.0,3348.0,0.5833333333333334,0.4489117291414752,1302,2287.0,8,51.0,0.1568627450980392,22,4,21883
838,1355,2859.0,3,16,31.0,2760.0,0.5161290322580645,0.4739419377404687,1163,1543.0,11,24.0,0.4583333333333333,24,11,16292
881,986,1958.0,8,21,56.0,3054.0,0.375,0.5035750766087844,886,1043.0,11,29.0,0.3793103448275862,19,9,12942
886,813,1869.0,5,6,13.0,904.0,0.46153846153846156,0.434991974317817,708,746.0,14,31.0,0.45161290322580644,15,5,9429
893,1601,3217.0,12,20,40.0,2125.0,0.5,0.49766863537457257,1372,2765.0,25,76.0,0.32894736842105265,25,7,18389
924,310,673.0,1,16,43.0,2069.0,0.37209302325581395,0.4606240713224368,463,2321.0,20,41.0,0.4878048780487805,14,5,7593
929,3046,6606.0,6,9,21.0,1292.0,0.42857142857142855,0.46109597335755376,2320,2204.0,21,78.0,0.2692307692307692,30,13,28963
932,1079,2446.0,6,6,11.0,1080.0,0.5454545454545454,0.4411283728536386,1014,2569.0,16,38.0,0.42105263157894735,21,6,18271
936,1343,3009.0,11,21,45.0,2648.0,0.4666666666666667,0.4463276836158192,1169,2489.0,38,64.0,0.59375,30,8,17339
956,727,1700.0,1,33,70.0,3888.0,0.4714285714285714,0.42764705882352944,757,4293.0,53,105.0,0.5047619047619047,20,2,14709
962,304,708.0,0,20,50.0,3394.0,0.4,0.4293785310734463,296,3007.0,28,48.0,0.5833333333333334,20,8,11196
1009,470,829.0,4,15,22.0,2316.0,0.6818181818181818,0.5669481302774427,328,2522.0,13,33.0,0.3939393939393939,16,8,9923
1017,1306,2967.0,12,21,60.0,1806.0,0.35,0.440175261206606,1093,1267.0,9,32.0,0.28125,23,6,18105
1030,385,969.0,0,22,32.0,1757.0,0.6875,0.3973168214654283,514,1994.0,27,42.0,0.6428571428571429,11,1,8098
1039,1407,3111.0,3,22,48.0,1980.0,0.4583333333333333,0.4522661523625844,1561,2053.0,20,44.0,0.45454545454545453,27,5,17281
1045,1303,2837.0,10,53,129.0,6444.0,0.4108527131782946,0.4592879802608389,1158,6825.0,54,93.0,0.5806451612903226,34,8,25008
1051,576,1181.0,4,23,44.0,3580.0,0.5227272727272727,0.4877222692633362,554,2213.0,13,33.0,0.3939393939393939,14,4,10510
1057,353,882.0,3,13,27.0,1688.0,0.48148148148148145,0.4002267573696145,389,1160.0,8,23.0,0.34782608695652173,16,5,8938
1065,1111,2664.0,10,26,61.0,2518.0,0.4262295081967213,0.41704204204204204,1148,3064.0,31,72.0,0.4305555555555556,23,5,18785
1068,506,1003.0,1,10,25.0,2977.0,0.4,0.5044865403788634,421,2649.0,26,70.0,0.37142857142857144,13,3,11327
1082,957,2178.0,9,15,34.0,1702.0,0.4411764705882353,0.4393939393939394,1114,5423.0,39,99.0,0.3939393939393939,22,7,17618
1086,957,1942.0,9,9,18.0,1740.0,0.5,0.49279093717816685,814,3057.0,30,73.0,0.410958904109589,28,11,15458
1090,442,941.0,2,10,20.0,1750.0,0.5,0.46971307120085015,456,1635.0,15,27.0,0.5555555555555556,8,1,5779
1104,1050,2012.0,6,11,24.0,2866.0,0.4583333333333333,0.5218687872763419,1064,2958.0,21,41.0,0.5121951219512195,24,11,15329
1111,1438,3220.0,8,31,54.0,2709.0,0.5740740740740741,0.446583850931677,1771,2653.0,30,45.0,0.6666666666666666,28,9,16118
1113,253,648.0,2,2,9.0,1495.0,0.2222222222222222,0.3904320987654321,338,2685.0,18,28.0,0.6428571428571429,10,4,7405
1117,785,1632.0,2,31,57.0,3213.0,0.543859649122807,0.4810049019607843,517,1540.0,11,20.0,0.55,18,10,12264
1122,489,1298.0,5,7,26.0,1093.0,0.2692307692307692,0.37673343605546994,453,1155.0,9,13.0,0.6923076923076923,14,6,9687
1141,957,2290.0,4,24,62.0,2459.0,0.3870967741935484,0.41790393013100435,1029,2498.0,33,66.0,0.5,24,4,14913
1146,1027,2471.0,8,9,16.0,686.0,0.5625,0.41562120598947794,825,583.0,9,21.0,0.42857142857142855,19,7,12928
1152,425,995.0,4,20,32.0,3240.0,0.625,0.4271356783919598,311,2139.0,16,24.0,0.6666666666666666,11,4,8937
1155,630,1384.0,4,12,29.0,1402.0,0.41379310344827586,0.4552023121387283,610,1321.0,14,25.0,0.56,13,4,9438
1158,1066,2558.0,0,22,55.0,4281.0,0.4,0.41673182173573103,1093,4123.0,18,36.0,0.5,19,3,17440
1163,881,2098.0,9,13,25.0,1683.0,0.52,0.41992373689227835,864,2991.0,24,53.0,0.4528301886792453,24,10,12121
1191,710,1574.0,8,10,21.0,2531.0,0.47619047619047616,0.45108005082592123,607,3516.0,25,71.0,0.352112676056338,23,8,12289
1195,740,1622.0,2,23,59.0,2054.0,0.3898305084745763,0.4562268803945746,884,4287.0,33,73.0,0.4520547945205479,19,7,13025
1203,648,1514.0,6,12,27.0,713.0,0.4444444444444444,0.42800528401585203,567,876.0,8,24.0,0.3333333333333333,13,3,9757
1205,1345,3328.0,5,8,21.0,758.0,0.38095238095238093,0.40414663461538464,1423,342.0,9,25.0,0.36,22,6,15132
1206,1009,2024.0,2,41,99.0,3852.0,0.41414141414141414,0.49851778656126483,848,4787.0,33,84.0,0.39285714285714285,21,6,16840
1207,372,797.0,1,6,19.0,935.0,0.3157894736842105,0.46675031367628605,298,1868.0,15,31.0,0.4838709677419355,9,2,5921
1222,1844,4713.0,2,14,25.0,957.0,0.56,0.3912582219393168,2042,1995.0,19,35.0,0.5428571428571428,23,5,22156
1245,755,1375.0,11,21,35.0,2680.0,0.6,0.5490909090909091,537,4928.0,37,82.0,0.45121951219512196,29,15,15910
1250,150,284.0,0,6,9.0,944.0,0.6666666666666666,0.528169014084507,121,1295.0,11,21.0,0.5238095238095238,4,0,3149
1251,867,1984.0,12,17,41.0,1286.0,0.4146341463414634,0.4369959677419355,727,1436.0,15,29.0,0.5172413793103449,18,8,11369
1260,630,1316.0,3,7,9.0,1975.0,0.7777777777777778,0.4787234042553192,484,2380.0,16,28.0,0.5714285714285714,16,6,9557
1265,327,559.0,5,7,18.0,1572.0,0.3888888888888889,0.5849731663685152,284,2222.0,10,17.0,0.5882352941176471,18,8,6174
1276,777,1825.0,6,22,47.0,3234.0,0.46808510638297873,0.42575342465753424,719,2497.0,13,28.0,0.4642857142857143,21,7,14784
1280,1035,2322.0,5,23,60.0,2512.0,0.38333333333333336,0.44573643410852715,1158,1440.0,8,35.0,0.22857142857142856,22,9,13489
1284,625,1370.0,1,27,64.0,1941.0,0.421875,0.4562043795620438,669,1600.0,14,24.0,0.5833333333333334,16,7,9381
1288,1146,2520.0,8,16,30.0,2020.0,0.5333333333333333,0.45476190476190476,1127,2967.0,37,67.0,0.5522388059701493,19,7,14886
1310,821,1925.0,4,17,44.0,1128.0,0.38636363636363635,0.4264935064935065,975,958.0,7,14.0,0.5,13,7,10100
1313,994,2058.0,5,39,72.0,4060.0,0.5416666666666666,0.48299319727891155,981,2312.0,21,57.0,0.3684210526315789,23,8,17571
1328,1017,2520.0,1,38,81.0,4184.0,0.4691358024691358,0.4035714285714286,972,3871.0,41,87.0,0.47126436781609193,17,5,17285
1337,431,1004.0,1,25,44.0,3380.0,0.5681818181818182,0.4292828685258964,451,1783.0,14,33.0,0.42424242424242425,14,3,8232
1347,898,1865.0,3,13,20.0,2190.0,0.65,0.4815013404825737,893,4587.0,24,54.0,0.4444444444444444,21,7,16616
1355,305,733.0,0,11,28.0,1257.0,0.39285714285714285,0.41609822646657574,421,2127.0,22,43.0,0.5116279069767442,14,3,6979
1357,906,1691.0,3,40,85.0,5272.0,0.47058823529411764,0.5357776463630988,753,4129.0,31,91.0,0.34065934065934067,19,4,19749
1365,734,1625.0,2,12,31.0,1301.0,0.3870967741935484,0.45169230769230767,575,2719.0,20,43.0,0.46511627906976744,15,5,11800
1369,714,1883.0,7,16,35.0,1166.0,0.45714285714285713,0.379182156133829,642,1016.0,9,17.0,0.5294117647058824,15,5,8344
1374,1542,3132.0,7,23,68.0,2886.0,0.3382352941176471,0.49233716475095785,1578,2771.0,12,36.0,0.3333333333333333,24,11,19421
1378,303,585.0,4,3,8.0,475.0,0.375,0.517948717948718,337,1309.0,15,25.0,0.6,9,5,4420
1380,564,1193.0,1,17,32.0,1984.0,0.53125,0.4727577535624476,390,314.0,5,18.0,0.2777777777777778,9,1,6636
1381,680,1439.0,0,43,87.0,3999.0,0.4942528735632184,0.47255038220986795,456,1763.0,25,81.0,0.30864197530864196,16,2,13459
1382,959,2526.0,2,31,58.0,2686.0,0.5344827586206896,0.37965162311955664,958,1900.0,19,42.0,0.4523809523809524,17,5,16004
1383,561,1126.0,0,10,21.0,1227.0,0.47619047619047616,0.49822380106571934,452,912.0,7,28.0,0.25,9,1,6544
1389,1164,2318.0,1,19,35.0,2212.0,0.5428571428571428,0.5021570319240725,1023,2138.0,14,28.0,0.5,17,2,11224
1391,1171,2507.0,1,16,45.0,2925.0,0.35555555555555557,0.4670921420023933,797,2306.0,21,48.0,0.4375,17,2,14153
1395,1953,4253.0,2,22,62.0,3015.0,0.3548387096774194,0.4592052668704444,1980,4224.0,29,102.0,0.28431372549019607,27,3,23265
1398,960,1887.0,5,34,61.0,2376.0,0.5573770491803278,0.5087440381558028,1027,2438.0,26,57.0,0.45614035087719296,19,5,13355
1399,779,1662.0,5,15,58.0,1674.0,0.25862068965517243,0.4687123947051745,704,1483.0,20,47.0,0.425531914893617,15,4,12215
1402,703,1514.0,3,12,19.0,1512.0,0.631578947368421,0.46433289299867897,601,1814.0,18,48.0,0.375,18,8,9888
1403,802,1827.0,2,9,19.0,1512.0,0.47368421052631576,0.4389709906951286,814,1132.0,9,29.0,0.3103448275862069,14,2,8910
1404,441,1174.0,7,8,19.0,472.0,0.42105263157894735,0.3756388415672913,540,547.0,6,17.0,0.35294117647058826,15,6,8736
1405,1210,2434.0,8,20,37.0,1316.0,0.5405405405405406,0.4971240755957272,1180,2039.0,12,24.0,0.5,19,7,15781
1415,835,1891.0,1,22,57.0,3324.0,0.38596491228070173,0.4415653093601269,720,1494.0,2,3.0,0.6666666666666666,16,2,15433
1424,662,1734.0,1,6,13.0,1713.0,0.46153846153846156,0.3817762399077278,733,1523.0,13,35.0,0.37142857142857144,12,2,8996
1432,471,1039.0,2,3,9.0,984.0,0.3333333333333333,0.45332050048123196,332,1681.0,15,65.0,0.23076923076923078,8,1,6686
1438,407,749.0,3,25,54.0,3613.0,0.46296296296296297,0.5433911882510013,317,2245.0,14,27.0,0.5185185185185185,17,11,10396
1441,667,1510.0,1,14,36.0,2442.0,0.3888888888888889,0.4417218543046358,678,2772.0,21,37.0,0.5675675675675675,13,1,10641
1442,795,1837.0,2,21,42.0,2400.0,0.5,0.4327708219923789,753,1038.0,10,41.0,0.24390243902439024,17,5,11943
1447,522,1367.0,3,16,36.0,1505.0,0.4444444444444444,0.38185808339429406,599,1370.0,12,30.0,0.4,13,4,10623
1455,1084,2132.0,10,44,108.0,5375.0,0.4074074074074074,0.5084427767354597,1146,3577.0,20,38.0,0.5263157894736842,18,5,18837
1458,1096,2133.0,12,21,37.0,2421.0,0.5675675675675675,0.5138302859821847,1076,1845.0,15,37.0,0.40540540540540543,22,14,12690
1459,757,1613.0,0,13,55.0,3171.0,0.23636363636363636,0.46931184128952264,1014,2239.0,17,36.0,0.4722222222222222,15,2,13096
1479,454,976.0,5,10,32.0,1233.0,0.3125,0.4651639344262295,495,1008.0,9,16.0,0.5625,11,3,6959
1485,365,1000.0,6,3,17.0,601.0,0.17647058823529413,0.365,411,1074.0,9,18.0,0.5,11,2,7405
1497,421,1009.0,6,5,9.0,1528.0,0.5555555555555556,0.4172447968285431,458,1676.0,14,40.0,0.35,14,4,7635
1502,716,1497.0,4,10,17.0,754.0,0.5882352941176471,0.47828991315965264,733,1370.0,16,37.0,0.43243243243243246,15,5,7091
1507,1441,3259.0,0,17,42.0,2719.0,0.40476190476190477,0.44216017183185025,1195,1494.0,5,6.0,0.8333333333333334,18,1,14314
1508,894,1976.0,1,40,62.0,4614.0,0.6451612903225806,0.4524291497975709,716,3891.0,29,60.0,0.48333333333333334,17,6,18736
1511,1258,2973.0,3,15,29.0,1373.0,0.5172413793103449,0.4231416078035654,1232,1622.0,15,18.0,0.8333333333333334,23,4,16187
1518,842,1807.0,3,16,39.0,3117.0,0.41025641025641024,0.4659656889872717,699,2465.0,11,26.0,0.4230769230769231,19,6,12175
1522,315,658.0,4,6,15.0,851.0,0.4,0.4787234042553192,390,1740.0,12,13.0,0.9230769230769231,13,5,6274
1532,441,927.0,4,42,66.0,3101.0,0.6363636363636364,0.47572815533980584,450,2186.0,33,43.0,0.7674418604651163,19,8,9811
1533,878,1941.0,2,19,41.0,3674.0,0.4634146341463415,0.452344152498712,831,2882.0,13,39.0,0.3333333333333333,22,6,14843
1535,323,812.0,0,15,24.0,1177.0,0.625,0.3977832512315271,375,1914.0,21,31.0,0.6774193548387096,10,2,5919
1543,823,2067.0,8,14,22.0,846.0,0.6363636363636364,0.39816158684083214,743,407.0,5,10.0,0.5,14,4,10863
1550,528,1123.0,2,37,79.0,2262.0,0.46835443037974683,0.4701691896705254,549,1231.0,12,23.0,0.5217391304347826,18,5,8415
1552,1147,2621.0,2,14,72.0,1591.0,0.19444444444444445,0.4376192293017932,1001,2850.0,27,57.0,0.47368421052631576,19,3,16958
1554,516,1270.0,5,2,2.0,299.0,1.0,0.4062992125984252,614,943.0,12,20.0,0.6,16,7,8226
1555,207,368.0,0,14,44.0,2146.0,0.3181818181818182,0.5625,227,1743.0,15,20.0,0.75,8,5,5422
1560,788,1709.0,6,13,26.0,963.0,0.5,0.46108835576360446,617,797.0,14,44.0,0.3181818181818182,13,2,9089
1561,1170,3172.0,2,13,22.0,1713.0,0.5909090909090909,0.36885245901639346,1014,1751.0,18,38.0,0.47368421052631576,17,0,14458
1564,631,1103.0,4,23,49.0,4156.0,0.46938775510204084,0.5720761559383499,585,2523.0,19,54.0,0.35185185185185186,17,1,11626
1573,1034,2316.0,3,0,0.0,279.0,0.0,0.0,1001,875.0,9,27.0,0.3333333333333333,15,3,9620
1577,792,1815.0,5,17,32.0,1648.0,0.53125,0.43636363636363634,835,2618.0,20,46.0,0.43478260869565216,17,3,13171
1578,1251,2899.0,0,28,58.0,2840.0,0.4827586206896552,0.4315281131424629,1234,1458.0,13,31.0,0.41935483870967744,16,2,16727
1584,341,716.0,0,9,15.0,1803.0,0.6,0.4762569832402235,401,1325.0,10,15.0,0.6666666666666666,9,1,6742
1586,830,1791.0,2,8,18.0,1767.0,0.4444444444444444,0.46342825237297597,893,1628.0,17,42.0,0.40476190476190477,17,6,11775
1590,358,911.0,2,8,29.0,1281.0,0.27586206896551724,0.3929747530186608,652,1828.0,13,35.0,0.37142857142857144,11,1,7488
1595,1082,2757.0,6,33,79.0,3000.0,0.4177215189873418,0.39245556764599204,1050,1958.0,22,48.0,0.4583333333333333,17,6,17008
1597,588,1217.0,1,8,21.0,2658.0,0.38095238095238093,0.48315529991783074,433,2521.0,12,29.0,0.41379310344827586,12,1,11047
1598,491,1122.0,2,34,59.0,3239.0,0.576271186440678,0.4376114081996435,443,1687.0,17,37.0,0.4594594594594595,15,2,10926
1601,126,257.0,0,11,23.0,1871.0,0.4782608695652174,0.490272373540856,183,924.0,10,21.0,0.47619047619047616,8,3,5390
1602,818,1985.0,1,25,45.0,2317.0,0.5555555555555556,0.41209068010075567,807,2149.0,14,36.0,0.3888888888888889,13,2,12375
1603,1006,1876.0,2,13,29.0,1509.0,0.4482758620689655,0.5362473347547975,821,2402.0,20,41.0,0.4878048780487805,17,7,12968
1608,363,741.0,3,22,43.0,1766.0,0.5116279069767442,0.4898785425101215,305,625.0,10,19.0,0.5263157894736842,14,6,5277
1612,1368,2548.0,5,30,65.0,2773.0,0.46153846153846156,0.5368916797488226,1061,1399.0,12,30.0,0.4,16,5,15179
1613,227,414.0,6,0,0.0,356.0,0.0,0.0,191,1573.0,16,25.0,0.64,11,6,4740
1615,474,1163.0,2,3,4.0,354.0,0.75,0.4075666380051591,487,670.0,9,14.0,0.6428571428571429,14,3,6386
1618,611,1353.0,0,15,42.0,2847.0,0.35714285714285715,0.4515890613451589,634,1744.0,5,11.0,0.45454545454545453,11,0,9900
1620,622,1375.0,2,32,65.0,2920.0,0.49230769230769234,0.45236363636363636,603,2246.0,17,41.0,0.4146341463414634,22,12,11221
1623,826,2057.0,0,9,23.0,973.0,0.391304347826087,0.40155566358774913,998,2317.0,15,30.0,0.5,16,1,13228
1626,445,851.0,2,11,26.0,1854.0,0.4230769230769231,0.5229142185663925,432,3007.0,15,39.0,0.38461538461538464,19,9,9495
1627,1125,2744.0,2,2,12.0,534.0,0.16666666666666666,0.4099854227405248,1303,1456.0,16,43.0,0.37209302325581395,14,4,12311
1628,793,1763.0,3,15,27.0,1373.0,0.5555555555555556,0.4498014747589336,917,1920.0,14,29.0,0.4827586206896552,18,6,9509
1629,544,1062.0,3,13,40.0,1098.0,0.325,0.512241054613936,526,2166.0,14,39.0,0.358974358974359,12,2,8162
1634,870,1671.0,3,37,86.0,3647.0,0.43023255813953487,0.5206463195691203,816,1488.0,24,61.0,0.39344262295081966,16,7,12146
1636,665,1517.0,5,9,24.0,858.0,0.375,0.43836519446275546,702,1289.0,9,32.0,0.28125,15,5,8950
1638,535,1175.0,4,19,35.0,1086.0,0.5428571428571428,0.4553191489361702,409,968.0,12,26.0,0.46153846153846156,14,3,8060
1639,383,776.0,1,18,36.0,1294.0,0.5,0.49355670103092786,227,143.0,3,3.0,1.0,7,2,4320
1641,397,914.0,4,3,5.0,75.0,0.6,0.43435448577680524,343,283.0,3,18.0,0.16666666666666666,8,2,5467
1642,624,1741.0,0,9,21.0,776.0,0.42857142857142855,0.35841470419299254,668,1242.0,14,27.0,0.5185185185185185,13,3,10006
1646,759,1458.0,1,4,11.0,567.0,0.36363636363636365,0.5205761316872428,843,206.0,4,10.0,0.4,10,4,7523
1647,525,1431.0,0,9,29.0,1763.0,0.3103448275862069,0.3668763102725367,628,2073.0,7,14.0,0.5,11,1,9024
1656,502,1155.0,1,19,45.0,2030.0,0.4222222222222222,0.43463203463203465,554,1488.0,12,22.0,0.5454545454545454,17,5,8018
1657,750,1551.0,4,16,43.0,2016.0,0.37209302325581395,0.4835589941972921,741,2671.0,33,77.0,0.42857142857142855,18,8,13857
1665,740,1886.0,0,7,13.0,1383.0,0.5384615384615384,0.39236479321314954,789,747.0,3,6.0,0.5,10,1,8514
1666,475,918.0,6,4,21.0,590.0,0.19047619047619047,0.5174291938997821,410,420.0,5,15.0,0.3333333333333333,12,6,5757
1667,786,1569.0,2,26,56.0,3375.0,0.4642857142857143,0.5009560229445507,855,1472.0,9,20.0,0.45,15,2,10135
1669,1050,1991.0,5,2,6.0,329.0,0.3333333333333333,0.527373179306881,1114,217.0,6,13.0,0.46153846153846156,14,6,9429
1672,721,1663.0,0,23,70.0,2112.0,0.32857142857142857,0.4335538184004811,758,1049.0,17,44.0,0.38636363636363635,15,1,10787
1674,417,855.0,4,15,30.0,1900.0,0.5,0.48771929824561405,437,1619.0,8,21.0,0.38095238095238093,14,3,9220
1681,293,555.0,3,10,17.0,1448.0,0.5882352941176471,0.527927927927928,444,2527.0,10,14.0,0.7142857142857143,13,5,7893
1682,847,1694.0,11,21,57.0,3051.0,0.3684210526315789,0.5,808,1674.0,11,42.0,0.2619047619047619,18,5,13160
1685,1002,2506.0,3,11,21.0,988.0,0.5238095238095238,0.39984038308060654,1317,174.0,4,9.0,0.4444444444444444,14,4,12406
1693,328,696.0,1,4,27.0,673.0,0.14814814814814814,0.47126436781609193,481,1868.0,4,5.0,0.8,10,2,6860
1698,118,227.0,1,2,5.0,276.0,0.4,0.5198237885462555,109,25.0,0,0.0,0.0,3,0,1197
1708,1067,2535.0,4,2,6.0,198.0,0.3333333333333333,0.4209072978303747,1085,1373.0,9,28.0,0.32142857142857145,14,2,10410
1714,431,975.0,0,13,22.0,1894.0,0.5909090909090909,0.442051282051282,351,1559.0,8,25.0,0.32,9,1,6487
1715,386,909.0,2,5,12.0,257.0,0.4166666666666667,0.42464246424642466,380,815.0,7,24.0,0.2916666666666667,7,1,4315
1716,560,1045.0,7,11,18.0,1089.0,0.6111111111111112,0.5358851674641149,475,735.0,0,0.0,0.0,16,7,6940
1720,342,874.0,1,11,23.0,644.0,0.4782608695652174,0.391304347826087,442,754.0,6,13.0,0.46153846153846156,12,4,7487
1722,597,1164.0,6,5,11.0,343.0,0.45454545454545453,0.5128865979381443,515,628.0,7,23.0,0.30434782608695654,11,3,6471
1723,691,1725.0,1,15,38.0,2314.0,0.39473684210526316,0.40057971014492755,828,1458.0,13,21.0,0.6190476190476191,12,1,10818
1724,800,1835.0,3,10,20.0,1306.0,0.5,0.4359673024523161,840,1448.0,14,49.0,0.2857142857142857,15,6,11770
1730,972,1599.0,3,15,34.0,1088.0,0.4411764705882353,0.6078799249530957,502,481.0,5,9.0,0.5555555555555556,13,6,9043
1734,431,1053.0,1,16,42.0,2966.0,0.38095238095238093,0.409306742640076,489,1304.0,8,21.0,0.38095238095238093,12,4,8776
1740,550,1187.0,0,21,40.0,3594.0,0.525,0.4633529907329402,474,3189.0,21,51.0,0.4117647058823529,18,9,11063
1745,343,758.0,1,8,27.0,911.0,0.2962962962962963,0.4525065963060686,286,1124.0,11,18.0,0.6111111111111112,12,5,5121
1746,765,1761.0,1,49,113.0,2572.0,0.4336283185840708,0.434412265758092,845,3341.0,50,170.0,0.29411764705882354,14,1,14065
1747,341,736.0,4,5,11.0,778.0,0.45454545454545453,0.4633152173913043,325,621.0,8,12.0,0.6666666666666666,8,3,3701
1748,418,937.0,0,10,17.0,396.0,0.5882352941176471,0.44610458911419426,521,963.0,13,19.0,0.6842105263157895,15,6,5816
1750,300,769.0,9,7,16.0,538.0,0.4375,0.39011703511053314,326,1220.0,22,38.0,0.5789473684210527,11,3,5130
1752,505,1274.0,6,2,15.0,891.0,0.13333333333333333,0.3963893249607535,330,604.0,3,10.0,0.3,10,4,7324
1753,848,1916.0,6,21,52.0,2492.0,0.40384615384615385,0.44258872651356995,817,2136.0,17,45.0,0.37777777777777777,18,5,13765
1755,846,2041.0,2,24,72.0,2759.0,0.3333333333333333,0.4145026947574718,861,1257.0,11,23.0,0.4782608695652174,14,6,12079
1757,443,1016.0,2,4,9.0,493.0,0.4444444444444444,0.4360236220472441,626,2011.0,10,28.0,0.35714285714285715,11,4,6018
1758,193,440.0,2,9,14.0,1576.0,0.6428571428571429,0.43863636363636366,218,872.0,6,13.0,0.46153846153846156,10,4,4371
1760,1171,2552.0,4,6,37.0,692.0,0.16216216216216217,0.4588557993730408,1113,2293.0,18,48.0,0.375,18,5,18990
1763,607,1236.0,4,4,7.0,1035.0,0.5714285714285714,0.4911003236245955,598,569.0,3,13.0,0.23076923076923078,12,6,7868
1765,397,814.0,2,4,11.0,399.0,0.36363636363636365,0.4877149877149877,508,1145.0,9,11.0,0.8181818181818182,10,1,6159
1767,408,763.0,1,7,16.0,1916.0,0.4375,0.5347313237221494,523,2429.0,13,19.0,0.6842105263157895,10,0,7413
1768,843,1875.0,3,9,22.0,2412.0,0.4090909090909091,0.4496,611,3184.0,12,35.0,0.34285714285714286,15,5,12106
1769,712,1763.0,3,17,36.0,1671.0,0.4722222222222222,0.4038570618264322,709,682.0,7,15.0,0.4666666666666667,15,3,9469
1772,729,1492.0,1,3,9.0,877.0,0.3333333333333333,0.4886058981233244,459,1133.0,14,35.0,0.4,10,1,8088
1773,651,1276.0,8,7,27.0,2305.0,0.25925925925925924,0.5101880877742947,496,1182.0,6,18.0,0.3333333333333333,15,6,11258
1779,636,1629.0,3,45,109.0,2334.0,0.41284403669724773,0.39042357274401474,552,996.0,15,43.0,0.3488372093023256,14,5,10236
1780,845,1942.0,1,24,47.0,1299.0,0.5106382978723404,0.4351184346035015,730,2793.0,27,49.0,0.5510204081632653,14,2,11992
1783,740,1664.0,2,30,53.0,2426.0,0.5660377358490566,0.44471153846153844,679,1212.0,8,15.0,0.5333333333333333,14,3,8572
1786,881,1678.0,4,15,30.0,1677.0,0.5,0.5250297973778307,642,1476.0,12,37.0,0.32432432432432434,12,3,9572
1789,1250,2526.0,6,20,91.0,1832.0,0.21978021978021978,0.4948535233570863,985,2037.0,27,88.0,0.3068181818181818,14,4,14524
1793,608,1248.0,0,9,19.0,1329.0,0.47368421052631576,0.48717948717948717,540,1462.0,16,42.0,0.38095238095238093,8,0,7200
1799,265,471.0,1,21,38.0,3372.0,0.5526315789473685,0.5626326963906582,177,1440.0,13,31.0,0.41935483870967744,10,2,6906
1801,425,1109.0,0,3,6.0,700.0,0.5,0.38322813345356177,543,945.0,8,17.0,0.47058823529411764,8,0,7800
1802,229,558.0,0,4,6.0,1110.0,0.6666666666666666,0.4103942652329749,273,1106.0,13,51.0,0.2549019607843137,10,5,5349
1803,826,1704.0,2,15,38.0,1864.0,0.39473684210526316,0.4847417840375587,659,1048.0,15,42.0,0.35714285714285715,12,4,9134
1804,774,1946.0,0,8,17.0,2241.0,0.47058823529411764,0.3977389516957862,818,1603.0,14,25.0,0.56,12,1,10769
1806,161,344.0,0,4,6.0,670.0,0.6666666666666666,0.4680232558139535,230,590.0,3,5.0,0.6,3,0,2696
1812,975,1819.0,4,19,35.0,2623.0,0.5428571428571428,0.5360087960417812,904,4920.0,43,84.0,0.5119047619047619,25,10,15440
1813,290,587.0,9,23,31.0,1947.0,0.7419354838709677,0.4940374787052811,163,1475.0,18,55.0,0.32727272727272727,10,4,5858
1815,763,1456.0,3,24,51.0,3126.0,0.47058823529411764,0.5240384615384616,616,1476.0,9,32.0,0.28125,12,4,10454
1822,814,1878.0,2,9,22.0,2244.0,0.4090909090909091,0.4334398296059638,775,2414.0,18,40.0,0.45,14,2,12570
1823,260,681.0,3,9,22.0,831.0,0.4090909090909091,0.38179148311306904,388,1128.0,10,16.0,0.625,14,6,5328
1825,544,970.0,0,6,18.0,1067.0,0.3333333333333333,0.5608247422680412,598,2995.0,15,36.0,0.4166666666666667,12,4,7862
1828,480,879.0,4,8,26.0,1181.0,0.3076923076923077,0.5460750853242321,393,985.0,8,20.0,0.4,13,7,5527
1829,852,1850.0,4,11,24.0,1126.0,0.4583333333333333,0.46054054054054056,852,1640.0,6,8.0,0.75,15,4,11979
1833,470,1065.0,3,16,26.0,2324.0,0.6153846153846154,0.4413145539906103,536,2106.0,17,33.0,0.5151515151515151,14,4,9793
1834,483,993.0,0,12,28.0,2310.0,0.42857142857142855,0.486404833836858,463,1960.0,12,20.0,0.6,11,4,7908
1838,257,533.0,4,5,12.0,969.0,0.4166666666666667,0.4821763602251407,314,532.0,6,7.0,0.8571428571428571,14,6,5149
1843,215,451.0,3,2,2.0,392.0,1.0,0.47671840354767187,184,168.0,1,2.0,0.5,10,6,2867
1844,418,1168.0,1,8,31.0,609.0,0.25806451612903225,0.3578767123287671,568,488.0,9,13.0,0.6923076923076923,10,1,7889
1846,327,620.0,2,3,6.0,761.0,0.5,0.5274193548387097,191,578.0,5,12.0,0.4166666666666667,7,1,3977
1849,358,743.0,0,18,40.0,2194.0,0.45,0.48183041722745623,349,1592.0,5,7.0,0.7142857142857143,11,5,6462
1850,556,1209.0,2,7,16.0,1830.0,0.4375,0.4598842018196857,755,2123.0,8,11.0,0.7272727272727273,11,0,8765
1851,352,671.0,3,10,28.0,998.0,0.35714285714285715,0.5245901639344263,319,1647.0,17,41.0,0.4146341463414634,12,6,5437
1857,244,578.0,0,2,8.0,770.0,0.25,0.42214532871972316,326,1940.0,8,15.0,0.5333333333333333,8,2,4863
1858,323,637.0,1,9,21.0,1660.0,0.42857142857142855,0.5070643642072213,230,1459.0,7,9.0,0.7777777777777778,10,2,5655
1859,738,1362.0,3,4,9.0,386.0,0.4444444444444444,0.5418502202643172,537,2342.0,14,44.0,0.3181818181818182,13,3,10394
1860,461,986.0,4,7,14.0,851.0,0.5,0.46754563894523327,454,974.0,4,10.0,0.4,9,3,5607
1862,247,484.0,4,18,26.0,1634.0,0.6923076923076923,0.5103305785123967,228,746.0,6,16.0,0.375,10,4,4171
1863,534,1434.0,8,9,41.0,1093.0,0.21951219512195122,0.3723849372384937,615,996.0,3,9.0,0.3333333333333333,12,3,8862
1864,320,778.0,2,3,5.0,888.0,0.6,0.41131105398457585,289,1682.0,15,42.0,0.35714285714285715,7,0,6300
1866,380,843.0,0,5,10.0,1069.0,0.5,0.45077105575326215,438,1597.0,6,20.0,0.3,10,2,5961
1872,573,1295.0,3,14,17.0,2013.0,0.8235294117647058,0.44247104247104246,576,1905.0,7,13.0,0.5384615384615384,13,2,8719
1873,518,908.0,5,7,22.0,1205.0,0.3181818181818182,0.5704845814977973,418,1704.0,7,21.0,0.3333333333333333,15,6,7746
1875,481,959.0,1,15,32.0,1257.0,0.46875,0.5015641293013556,458,1052.0,10,25.0,0.4,11,4,6098
1878,438,730.0,1,34,79.0,2874.0,0.43037974683544306,0.6,315,1807.0,18,40.0,0.45,10,6,6417
1879,221,573.0,0,4,4.0,1002.0,1.0,0.3856893542757417,306,2822.0,16,23.0,0.6956521739130435,7,1,6289
1880,464,914.0,2,7,32.0,1156.0,0.21875,0.5076586433260394,402,1064.0,6,15.0,0.4,15,8,8512
1887,176,416.0,0,0,0.0,414.0,0.0,0.0,195,666.0,3,4.0,0.75,4,1,2565
1889,134,367.0,0,8,34.0,1403.0,0.23529411764705882,0.3651226158038147,236,1073.0,9,14.0,0.6428571428571429,5,0,4500
1890,217,427.0,1,3,4.0,270.0,0.75,0.5081967213114754,226,923.0,6,6.0,1.0,9,7,3815
1892,475,877.0,2,27,57.0,4475.0,0.47368421052631576,0.5416191562143672,342,2306.0,15,47.0,0.3191489361702128,13,6,9155
1898,589,1218.0,3,10,34.0,1186.0,0.29411764705882354,0.48357963875205257,561,1248.0,6,29.0,0.20689655172413793,13,7,7052
1904,393,768.0,1,30,73.0,2625.0,0.410958904109589,0.51171875,387,1707.0,10,37.0,0.2702702702702703,11,4,8315
1906,492,1089.0,0,24,51.0,2298.0,0.47058823529411764,0.45179063360881544,406,1616.0,32,69.0,0.463768115942029,9,0,8100
1907,384,926.0,7,5,6.0,1090.0,0.8333333333333334,0.4146868250539957,341,1709.0,14,40.0,0.35,11,1,6481
1909,576,1144.0,0,6,29.0,598.0,0.20689655172413793,0.5034965034965035,602,563.0,3,6.0,0.5,10,3,7212
1911,152,350.0,2,4,10.0,751.0,0.4,0.4342857142857143,200,869.0,8,20.0,0.4,7,2,3553
1912,240,636.0,1,13,39.0,1829.0,0.3333333333333333,0.37735849056603776,332,2042.0,11,30.0,0.36666666666666664,10,4,7068
1913,353,656.0,2,16,31.0,921.0,0.5161290322580645,0.538109756097561,355,1134.0,8,17.0,0.47058823529411764,6,2,4543
1914,250,578.0,0,8,10.0,1002.0,0.8,0.43252595155709345,443,2054.0,25,41.0,0.6097560975609756,13,6,5730
1915,814,1764.0,4,8,25.0,1562.0,0.32,0.4614512471655329,858,1330.0,15,38.0,0.39473684210526316,14,3,8676
1918,516,1050.0,1,7,28.0,1584.0,0.25,0.49142857142857144,466,1524.0,8,18.0,0.4444444444444444,9,1,7092
1920,777,1777.0,0,15,34.0,2155.0,0.4411764705882353,0.43725379853685986,878,1415.0,15,39.0,0.38461538461538464,12,1,11148
1923,534,1236.0,0,10,21.0,1022.0,0.47619047619047616,0.4320388349514563,483,1546.0,17,36.0,0.4722222222222222,10,1,7590
1924,934,1860.0,7,9,15.0,1258.0,0.6,0.5021505376344086,792,1874.0,23,40.0,0.575,15,5,10668
1925,580,1142.0,1,7,13.0,761.0,0.5384615384615384,0.5078809106830122,549,1398.0,15,40.0,0.375,12,5,7798
1934,156,450.0,3,2,3.0,90.0,0.6666666666666666,0.3466666666666667,122,650.0,9,16.0,0.5625,6,0,3202
1937,560,1383.0,0,11,27.0,2079.0,0.4074074074074074,0.4049168474331164,592,1716.0,15,32.0,0.46875,12,3,9176
1939,237,557.0,1,4,11.0,1174.0,0.36363636363636365,0.4254937163375224,195,1244.0,8,13.0,0.6153846153846154,6,2,4256
1940,361,669.0,0,7,14.0,1206.0,0.5,0.5396113602391629,354,2046.0,15,32.0,0.46875,9,1,5799
1948,208,493.0,0,5,22.0,834.0,0.22727272727272727,0.42190669371196754,267,256.0,1,2.0,0.5,5,1,3189
1950,261,472.0,0,12,23.0,1214.0,0.5217391304347826,0.5529661016949152,299,458.0,5,21.0,0.23809523809523808,8,5,4347
1951,708,1280.0,2,6,10.0,598.0,0.6,0.553125,572,1222.0,11,25.0,0.44,12,6,10254
1955,235,474.0,0,1,2.0,653.0,0.5,0.4957805907172996,223,349.0,3,16.0,0.1875,3,0,2700
1956,505,1040.0,0,35,76.0,2892.0,0.4605263157894737,0.4855769230769231,558,1083.0,5,12.0,0.4166666666666667,11,3,7786
1957,310,730.0,2,12,22.0,1202.0,0.5454545454545454,0.4246575342465753,371,835.0,5,20.0,0.25,9,3,5649
1959,269,878.0,1,12,28.0,925.0,0.42857142857142855,0.30637813211845105,504,250.0,5,10.0,0.5,8,1,6347
1960,311,866.0,4,2,2.0,105.0,1.0,0.35912240184757505,243,433.0,6,14.0,0.42857142857142855,7,3,3467
1961,1003,1863.0,1,14,29.0,2833.0,0.4827586206896552,0.5383789586688137,822,1229.0,6,10.0,0.6,11,0,9900
1963,373,851.0,1,13,23.0,1732.0,0.5652173913043478,0.4383078730904818,445,1123.0,18,32.0,0.5625,8,2,6572
1965,107,213.0,2,0,0.0,66.0,0.0,0.0,53,14.0,0,0.0,0.0,5,2,1124
1966,276,633.0,1,23,42.0,2374.0,0.5476190476190477,0.43601895734597157,261,1822.0,9,44.0,0.20454545454545456,9,1,7210
1968,413,1064.0,4,7,25.0,1658.0,0.28,0.3881578947368421,313,759.0,5,27.0,0.18518518518518517,10,2,7946
1972,259,473.0,1,12,14.0,1266.0,0.8571428571428571,0.547568710359408,157,618.0,5,7.0,0.7142857142857143,5,2,3277
1973,270,877.0,3,2,11.0,199.0,0.18181818181818182,0.30786773090079816,397,52.0,0,0.0,0.0,8,3,4528
1974,227,518.0,0,10,16.0,668.0,0.625,0.43822393822393824,247,954.0,5,9.0,0.5555555555555556,6,1,3779
1975,281,630.0,3,18,29.0,769.0,0.6206896551724138,0.44603174603174606,255,362.0,2,2.0,1.0,7,2,4748
1976,482,1258.0,4,4,8.0,260.0,0.5,0.383147853736089,514,568.0,5,15.0,0.3333333333333333,10,3,7898
1977,372,656.0,3,15,34.0,2092.0,0.4411764705882353,0.5670731707317073,206,1185.0,13,31.0,0.41935483870967744,9,3,5869
1979,271,516.0,5,0,0.0,227.0,0.0,0.0,229,754.0,7,12.0,0.5833333333333334,10,4,3274
1982,416,935.0,3,8,27.0,695.0,0.2962962962962963,0.4449197860962567,510,828.0,11,23.0,0.4782608695652174,11,2,6228
1983,258,508.0,0,0,0.0,39.0,0.0,0.0,191,470.0,2,4.0,0.5,4,0,2254
1984,578,1296.0,5,22,58.0,2485.0,0.3793103448275862,0.44598765432098764,856,1298.0,11,36.0,0.3055555555555556,18,8,10453
1985,388,682.0,2,7,9.0,740.0,0.7777777777777778,0.5689149560117303,212,115.0,0,0.0,0.0,7,3,4079
1987,226,548.0,0,25,44.0,1838.0,0.5681818181818182,0.4124087591240876,383,1322.0,16,37.0,0.43243243243243246,9,3,5202
1988,539,1208.0,1,5,10.0,645.0,0.5,0.4461920529801324,544,1125.0,13,35.0,0.37142857142857144,7,0,4962
1989,509,1196.0,1,8,28.0,971.0,0.2857142857142857,0.42558528428093645,595,784.0,4,28.0,0.14285714285714285,9,2,6732
1990,367,794.0,0,13,23.0,1902.0,0.5652173913043478,0.4622166246851385,478,1387.0,14,27.0,0.5185185185185185,9,4,7704
1991,586,1113.0,3,18,39.0,3178.0,0.46153846153846156,0.5265049415992812,549,2463.0,15,24.0,0.625,16,8,10379
1992,410,871.0,1,6,11.0,1245.0,0.5454545454545454,0.4707233065442021,408,234.0,1,5.0,0.2,10,3,6593
1993,417,997.0,1,8,12.0,1233.0,0.6666666666666666,0.4182547642928786,508,2261.0,12,16.0,0.75,11,2,8091
1994,405,717.0,0,9,23.0,810.0,0.391304347826087,0.5648535564853556,286,1454.0,8,15.0,0.5333333333333333,8,1,6644
1996,479,1001.0,3,2,5.0,155.0,0.4,0.4785214785214785,524,1225.0,11,39.0,0.28205128205128205,9,5,6128
1997,127,332.0,0,1,4.0,490.0,0.25,0.3825301204819277,131,812.0,4,21.0,0.19047619047619047,4,0,2870
1998,143,303.0,0,5,6.0,913.0,0.8333333333333334,0.47194719471947194,148,1914.0,23,38.0,0.6052631578947368,8,3,4739
2001,323,764.0,0,10,18.0,1544.0,0.5555555555555556,0.42277486910994766,347,1465.0,13,36.0,0.3611111111111111,6,0,6000
2002,843,1635.0,2,12,27.0,1673.0,0.4444444444444444,0.5155963302752293,740,2272.0,18,45.0,0.4,11,4,7358
2004,203,382.0,0,10,17.0,2044.0,0.5882352941176471,0.5314136125654451,199,2803.0,10,16.0,0.625,9,2,6327
2006,485,926.0,4,8,22.0,1986.0,0.36363636363636365,0.5237580993520519,278,1160.0,13,27.0,0.48148148148148145,10,6,5507
2007,362,685.0,7,17,25.0,834.0,0.68,0.5284671532846715,368,903.0,7,8.0,0.875,9,4,4593
2009,163,362.0,4,6,18.0,580.0,0.3333333333333333,0.45027624309392267,170,974.0,4,10.0,0.4,10,2,4177
2010,236,530.0,0,3,11.0,679.0,0.2727272727272727,0.44528301886792454,304,800.0,4,5.0,0.8,4,0,3600
2011,385,824.0,2,8,38.0,639.0,0.21052631578947367,0.4672330097087379,575,481.0,6,9.0,0.6666666666666666,10,4,5396
2013,116,248.0,1,5,14.0,695.0,0.35714285714285715,0.46774193548387094,149,728.0,5,6.0,0.8333333333333334,6,2,2298
2014,555,1155.0,2,10,27.0,1137.0,0.37037037037037035,0.4805194805194805,447,313.0,2,7.0,0.2857142857142857,9,3,5296
2015,386,1021.0,2,0,0.0,495.0,0.0,0.0,414,208.0,6,7.0,0.8571428571428571,9,4,5007
2016,301,762.0,1,20,57.0,2455.0,0.3508771929824561,0.39501312335958005,364,1741.0,12,24.0,0.5,11,3,8201
2017,316,815.0,1,10,40.0,722.0,0.25,0.38773006134969323,287,356.0,3,5.0,0.6,5,0,4151
2019,860,1864.0,4,9,17.0,664.0,0.5294117647058824,0.4613733905579399,899,584.0,9,11.0,0.8181818181818182,12,3,8178
2021,268,760.0,1,6,12.0,993.0,0.5,0.3526315789473684,409,1407.0,5,19.0,0.2631578947368421,8,1,6303
2022,377,958.0,2,12,16.0,2546.0,0.75,0.3935281837160752,518,1482.0,12,24.0,0.5,10,0,8911
2024,423,1084.0,1,15,39.0,1078.0,0.38461538461538464,0.39022140221402213,509,846.0,12,29.0,0.41379310344827586,8,2,6452
2025,156,286.0,3,5,8.0,797.0,0.625,0.5454545454545454,103,1296.0,2,10.0,0.2,8,6,2509
2026,327,668.0,1,24,33.0,2259.0,0.7272727272727273,0.48952095808383234,329,1464.0,14,23.0,0.6086956521739131,8,1,6082
2029,321,685.0,0,9,17.0,771.0,0.5294117647058824,0.4686131386861314,262,420.0,1,6.0,0.16666666666666666,7,1,4045
2030,255,667.0,1,6,15.0,345.0,0.4,0.3823088455772114,268,404.0,3,6.0,0.5,6,1,4638
2031,223,447.0,1,1,3.0,641.0,0.3333333333333333,0.4988814317673378,246,700.0,6,18.0,0.3333333333333333,6,1,3810
2034,321,623.0,0,5,10.0,1017.0,0.5,0.5152487961476726,369,1331.0,10,21.0,0.47619047619047616,8,1,5108
2035,341,759.0,2,3,6.0,382.0,0.5,0.4492753623188406,377,516.0,6,13.0,0.46153846153846156,5,1,3256
2036,487,1033.0,2,11,19.0,827.0,0.5789473684210527,0.4714424007744434,417,2801.0,29,49.0,0.5918367346938775,10,4,7214
2037,138,307.0,1,5,9.0,536.0,0.5555555555555556,0.4495114006514658,195,801.0,5,8.0,0.625,6,2,2366
2047,314,702.0,0,5,14.0,708.0,0.35714285714285715,0.4472934472934473,430,1329.0,5,21.0,0.23809523809523808,8,0,6193
2048,426,737.0,3,7,19.0,772.0,0.3684210526315789,0.5780189959294437,437,534.0,2,4.0,0.5,7,5,4529
2050,158,362.0,2,4,14.0,444.0,0.2857142857142857,0.43646408839779005,229,1405.0,5,11.0,0.45454545454545453,5,1,4198
2051,411,863.0,0,6,31.0,464.0,0.1935483870967742,0.4762456546929316,405,402.0,3,8.0,0.375,7,1,4864
2053,202,341.0,1,3,7.0,307.0,0.42857142857142855,0.592375366568915,217,1314.0,11,23.0,0.4782608695652174,8,6,2921
2054,294,620.0,2,5,10.0,718.0,0.5,0.47419354838709676,308,322.0,1,2.0,0.5,9,3,4858
2056,546,1098.0,4,13,22.0,1881.0,0.5909090909090909,0.4972677595628415,515,1045.0,6,11.0,0.5454545454545454,12,5,8923
2057,282,820.0,2,8,17.0,817.0,0.47058823529411764,0.3439024390243902,274,538.0,3,13.0,0.23076923076923078,6,3,5189
2058,66,146.0,0,6,9.0,647.0,0.6666666666666666,0.4520547945205479,130,1297.0,10,20.0,0.5,7,1,2612
2060,231,511.0,0,0,0.0,418.0,0.0,0.0,378,753.0,10,15.0,0.6666666666666666,4,0,2889
2061,320,706.0,3,5,15.0,1244.0,0.3333333333333333,0.45325779036827196,344,1369.0,9,13.0,0.6923076923076923,9,1,6298
2062,106,189.0,4,1,1.0,53.0,1.0,0.5608465608465608,95,254.0,3,3.0,1.0,9,8,1101
2064,424,859.0,3,9,19.0,526.0,0.47368421052631576,0.4935972060535506,497,529.0,5,14.0,0.35714285714285715,7,2,5150
2065,279,475.0,1,7,30.0,1538.0,0.23333333333333334,0.5873684210526315,188,696.0,4,11.0,0.36363636363636365,7,3,3990
2066,121,371.0,1,8,23.0,655.0,0.34782608695652173,0.3261455525606469,230,1727.0,9,29.0,0.3103448275862069,6,1,4123
2068,455,864.0,1,24,48.0,2299.0,0.5,0.5266203703703703,343,966.0,6,12.0,0.5,12,2,7096
2069,593,1663.0,7,12,28.0,959.0,0.42857142857142855,0.3565844858689116,582,1243.0,16,36.0,0.4444444444444444,15,8,9591
2070,161,431.0,1,8,24.0,429.0,0.3333333333333333,0.37354988399071926,231,5.0,0,0.0,0.0,3,0,2700
2074,100,215.0,4,0,0.0,87.0,0.0,0.0,148,107.0,0,0.0,0.0,8,4,1527
2075,346,724.0,0,3,16.0,578.0,0.1875,0.47790055248618785,394,626.0,3,6.0,0.5,8,1,3523
2079,436,1006.0,6,11,16.0,1057.0,0.6875,0.43339960238568587,517,1834.0,16,25.0,0.64,11,2,7138
2083,544,1098.0,1,11,21.0,1387.0,0.5238095238095238,0.49544626593806923,543,1558.0,22,42.0,0.5238095238095238,10,2,6968
2088,328,641.0,0,26,42.0,2542.0,0.6190476190476191,0.5117004680187207,185,473.0,5,7.0,0.7142857142857143,10,4,5212
2093,417,894.0,1,6,9.0,1011.0,0.6666666666666666,0.4664429530201342,450,2033.0,10,18.0,0.5555555555555556,10,2,7394
2097,143,311.0,0,8,17.0,606.0,0.47058823529411764,0.45980707395498394,265,575.0,1,2.0,0.5,8,3,3013
2098,560,1196.0,0,8,18.0,2102.0,0.4444444444444444,0.4682274247491639,658,2249.0,9,29.0,0.3103448275862069,11,4,9489
2100,619,1384.0,0,8,15.0,553.0,0.5333333333333333,0.4472543352601156,745,786.0,16,24.0,0.6666666666666666,9,6,7426
2102,325,846.0,3,3,11.0,315.0,0.2727272727272727,0.38416075650118203,373,1032.0,9,16.0,0.5625,8,6,4908
2104,126,274.0,0,8,20.0,985.0,0.4,0.45985401459854014,129,1259.0,8,14.0,0.5714285714285714,7,3,3268
2105,225,468.0,1,16,33.0,2026.0,0.48484848484848486,0.4807692307692308,228,512.0,9,24.0,0.375,6,2,4296
2106,304,667.0,3,11,36.0,764.0,0.3055555555555556,0.45577211394302847,264,467.0,1,3.0,0.3333333333333333,5,0,4397
2107,380,893.0,2,20,58.0,1151.0,0.3448275862068966,0.425531914893617,413,1132.0,24,72.0,0.3333333333333333,10,4,7376
2109,293,487.0,5,8,18.0,1149.0,0.4444444444444444,0.6016427104722792,213,307.0,1,1.0,1.0,8,2,3324
2110,162,355.0,1,9,17.0,502.0,0.5294117647058824,0.4563380281690141,283,2170.0,26,58.0,0.4482758620689655,7,1,4212
2112,188,353.0,1,5,19.0,1626.0,0.2631578947368421,0.5325779036827195,219,1067.0,3,4.0,0.75,7,6,4511
2113,364,890.0,0,18,45.0,2837.0,0.4,0.40898876404494383,391,1042.0,13,25.0,0.52,11,3,8666
2115,324,726.0,6,2,4.0,246.0,0.5,0.4462809917355372,283,154.0,0,0.0,0.0,9,5,4043
2119,109,236.0,0,3,12.0,360.0,0.25,0.461864406779661,203,1437.0,12,19.0,0.631578947368421,6,3,2973
2120,233,486.0,0,7,16.0,1003.0,0.4375,0.4794238683127572,243,1190.0,5,10.0,0.5,6,1,4061
2121,99,206.0,0,5,6.0,656.0,0.8333333333333334,0.48058252427184467,83,757.0,4,9.0,0.4444444444444444,3,0,2400
2122,356,698.0,0,5,15.0,619.0,0.3333333333333333,0.5100286532951289,561,1202.0,7,14.0,0.5,7,2,4939
2123,218,508.0,0,2,3.0,416.0,0.6666666666666666,0.42913385826771655,282,1732.0,15,27.0,0.5555555555555556,8,2,4420
2126,334,608.0,0,12,27.0,1205.0,0.4444444444444444,0.5493421052631579,322,1169.0,7,10.0,0.7,7,1,4259
2127,135,221.0,1,6,22.0,1006.0,0.2727272727272727,0.6108597285067874,100,958.0,8,12.0,0.6666666666666666,7,3,3038
2128,482,1204.0,0,6,22.0,1067.0,0.2727272727272727,0.4003322259136213,651,1963.0,20,41.0,0.4878048780487805,10,1,8332
2129,311,644.0,2,2,7.0,246.0,0.2857142857142857,0.4829192546583851,352,839.0,8,15.0,0.5333333333333333,6,0,4319
2130,241,542.0,1,7,13.0,632.0,0.5384615384615384,0.4446494464944649,356,2207.0,10,32.0,0.3125,9,0,5629
2131,204,361.0,1,2,4.0,590.0,0.5,0.5650969529085873,109,422.0,4,14.0,0.2857142857142857,5,2,2111
2132,472,941.0,0,13,34.0,1644.0,0.38235294117647056,0.5015940488841658,560,2506.0,17,35.0,0.4857142857142857,9,1,8073
2136,307,635.0,1,12,31.0,980.0,0.3870967741935484,0.48346456692913387,324,1231.0,16,52.0,0.3076923076923077,7,3,5794
2138,493,1569.0,1,4,11.0,435.0,0.36363636363636365,0.31421287444231993,531,338.0,5,11.0,0.45454545454545453,7,2,6128
2139,183,345.0,0,2,6.0,250.0,0.3333333333333333,0.5304347826086957,129,593.0,2,6.0,0.3333333333333333,5,0,2288
2140,295,588.0,1,5,14.0,757.0,0.35714285714285715,0.5017006802721088,303,1147.0,6,14.0,0.42857142857142855,6,2,3906
2141,460,835.0,3,7,20.0,419.0,0.35,0.5508982035928144,437,258.0,3,8.0,0.375,9,4,6479
2142,306,683.0,1,8,16.0,1217.0,0.5,0.4480234260614934,226,1058.0,5,10.0,0.5,6,3,4502
2143,531,1174.0,0,4,7.0,692.0,0.5714285714285714,0.45229982964224874,588,1201.0,10,24.0,0.4166666666666667,7,3,4960
2146,87,186.0,2,10,16.0,786.0,0.625,0.46774193548387094,142,1090.0,16,19.0,0.8421052631578947,4,1,2698
2147,491,881.0,4,3,4.0,201.0,0.75,0.5573212258796821,343,52.0,1,2.0,0.5,9,5,4528
2148,172,358.0,2,8,11.0,797.0,0.7272727272727273,0.48044692737430167,156,45.0,1,1.0,1.0,7,4,2294
2150,310,874.0,0,17,38.0,1228.0,0.4473684210526316,0.35469107551487417,495,459.0,4,14.0,0.2857142857142857,8,1,6392
2152,45,134.0,0,1,1.0,285.0,1.0,0.3358208955223881,165,1439.0,8,11.0,0.7272727272727273,4,0,2190
2156,55,124.0,2,1,7.0,173.0,0.14285714285714285,0.4435483870967742,73,834.0,5,7.0,0.7142857142857143,4,0,1583
2158,437,1066.0,1,4,9.0,701.0,0.4444444444444444,0.4099437148217636,498,247.0,0,0.0,0.0,8,5,4900
2160,631,1567.0,1,17,28.0,1296.0,0.6071428571428571,0.402680280791321,610,2168.0,17,53.0,0.32075471698113206,12,2,9772
2162,109,175.0,1,9,18.0,1513.0,0.5,0.6228571428571429,64,597.0,5,9.0,0.5555555555555556,8,3,3626
2163,447,787.0,2,9,12.0,830.0,0.75,0.567979669631512,293,112.0,2,8.0,0.25,5,1,3929
2165,414,778.0,4,3,5.0,516.0,0.6,0.532133676092545,344,1245.0,13,29.0,0.4482758620689655,8,1,5240
2166,103,161.0,1,1,2.0,638.0,0.5,0.639751552795031,70,612.0,9,12.0,0.75,4,0,1748
2167,246,648.0,1,8,25.0,799.0,0.32,0.37962962962962965,187,231.0,7,19.0,0.3684210526315789,6,0,4341
2168,185,445.0,1,8,17.0,1233.0,0.47058823529411764,0.4157303370786517,186,180.0,1,3.0,0.3333333333333333,7,3,3073
2169,173,333.0,0,0,0.0,181.0,0.0,0.0,159,704.0,7,15.0,0.4666666666666667,4,0,3170
2170,182,355.0,2,1,2.0,560.0,0.5,0.5126760563380282,226,219.0,1,1.0,1.0,5,2,2279
2171,92,198.0,2,9,30.0,1219.0,0.3,0.46464646464646464,148,605.0,4,6.0,0.6666666666666666,6,1,3813
2174,397,883.0,3,3,5.0,479.0,0.6,0.44960362400906,600,1248.0,13,33.0,0.3939393939393939,10,5,5710
2175,157,310.0,0,7,11.0,485.0,0.6363636363636364,0.5064516129032258,116,811.0,5,17.0,0.29411764705882354,3,0,2382
2176,500,1373.0,0,10,32.0,789.0,0.3125,0.3641660597232338,638,1342.0,14,24.0,0.5833333333333334,9,1,7214
2177,180,317.0,3,5,9.0,738.0,0.5555555555555556,0.5678233438485805,84,138.0,2,6.0,0.3333333333333333,10,6,1539
2178,106,226.0,0,8,17.0,1072.0,0.47058823529411764,0.4690265486725664,93,972.0,4,7.0,0.5714285714285714,6,3,3212
2180,216,440.0,1,9,28.0,1116.0,0.32142857142857145,0.4909090909090909,225,1052.0,8,13.0,0.6153846153846154,6,0,3900
2181,276,598.0,0,9,30.0,1533.0,0.3,0.46153846153846156,336,1161.0,14,20.0,0.7,8,0,5523
2182,94,229.0,0,4,10.0,397.0,0.4,0.4104803493449782,142,133.0,0,0.0,0.0,5,1,2887
2184,98,186.0,1,7,16.0,1146.0,0.4375,0.5268817204301075,125,85.0,0,0.0,0.0,3,0,1936
2185,187,427.0,0,4,10.0,939.0,0.4,0.4379391100702576,219,1230.0,6,11.0,0.5454545454545454,5,3,3682
2187,382,885.0,3,2,2.0,597.0,1.0,0.43163841807909603,390,260.0,3,10.0,0.3,6,1,4060
2188,346,634.0,3,14,22.0,1435.0,0.6363636363636364,0.5457413249211357,370,1049.0,3,14.0,0.21428571428571427,9,5,4652
2189,91,156.0,2,2,6.0,173.0,0.3333333333333333,0.5833333333333334,113,273.0,3,3.0,1.0,3,1,1197
2190,283,687.0,2,6,12.0,731.0,0.5,0.4119359534206696,242,1225.0,18,40.0,0.45,5,0,4042
2191,152,302.0,0,18,39.0,1599.0,0.46153846153846156,0.5033112582781457,211,471.0,4,7.0,0.5714285714285714,4,2,3373
2192,297,617.0,2,18,41.0,1795.0,0.43902439024390244,0.4813614262560778,318,1607.0,10,20.0,0.5,10,3,6659
2194,411,996.0,2,3,11.0,959.0,0.2727272727272727,0.4126506024096386,560,1224.0,7,9.0,0.7777777777777778,8,1,5753
2196,207,411.0,1,3,4.0,235.0,0.75,0.5036496350364964,222,1401.0,8,20.0,0.4,6,4,2962
2198,85,257.0,0,2,6.0,799.0,0.3333333333333333,0.33073929961089493,156,566.0,2,6.0,0.3333333333333333,3,0,2515
2200,589,1270.0,0,7,16.0,1882.0,0.4375,0.4637795275590551,410,177.0,4,13.0,0.3076923076923077,8,3,6772
2202,191,354.0,3,7,21.0,1828.0,0.3333333333333333,0.53954802259887,132,1248.0,12,26.0,0.46153846153846156,11,4,4039
2204,203,412.0,1,3,4.0,117.0,0.75,0.49271844660194175,245,227.0,9,16.0,0.5625,4,1,1845
2207,150,360.0,1,7,12.0,645.0,0.5833333333333334,0.4166666666666667,221,176.0,1,1.0,1.0,4,0,2257
2208,467,955.0,3,9,29.0,964.0,0.3103448275862069,0.48900523560209425,406,1268.0,13,22.0,0.5909090909090909,7,3,4910
2209,309,803.0,0,4,9.0,343.0,0.4444444444444444,0.3848069738480697,328,1050.0,10,20.0,0.5,4,0,3600
2210,139,262.0,3,3,5.0,330.0,0.6,0.5305343511450382,177,425.0,1,1.0,1.0,6,0,1551
2212,171,388.0,1,3,18.0,560.0,0.16666666666666666,0.44072164948453607,145,363.0,4,7.0,0.5714285714285714,4,0,2985
2213,315,584.0,3,13,33.0,965.0,0.3939393939393939,0.5393835616438356,298,1018.0,8,21.0,0.38095238095238093,8,5,3623
2215,626,1095.0,6,5,15.0,1447.0,0.3333333333333333,0.5716894977168949,491,553.0,5,16.0,0.3125,11,7,7883
2216,739,1544.0,2,1,6.0,249.0,0.16666666666666666,0.4786269430051813,760,636.0,9,17.0,0.5294117647058824,10,3,7637
2217,476,908.0,3,4,9.0,1023.0,0.4444444444444444,0.5242290748898678,446,1387.0,8,22.0,0.36363636363636365,9,3,7338
2219,359,636.0,3,11,21.0,981.0,0.5238095238095238,0.5644654088050315,262,694.0,4,10.0,0.4,7,1,4873
2220,162,286.0,1,15,26.0,810.0,0.5769230769230769,0.5664335664335665,161,151.0,4,5.0,0.8,4,0,3103
2222,425,883.0,0,2,3.0,344.0,0.6666666666666666,0.4813137032842582,498,1964.0,26,45.0,0.5777777777777777,8,2,5664
2223,139,281.0,0,9,17.0,1330.0,0.5294117647058824,0.49466192170818507,159,968.0,4,4.0,1.0,7,5,3186
2224,122,214.0,2,4,6.0,680.0,0.6666666666666666,0.5700934579439252,88,371.0,3,6.0,0.5,4,1,1949
2225,266,600.0,3,4,7.0,305.0,0.5714285714285714,0.44333333333333336,319,245.0,1,4.0,0.25,7,2,3671
2226,234,521.0,3,0,0.0,339.0,0.0,0.0,235,289.0,3,13.0,0.23076923076923078,5,3,2994
2227,446,852.0,0,5,13.0,389.0,0.38461538461538464,0.5234741784037559,494,803.0,6,27.0,0.2222222222222222,6,1,4294
2228,345,768.0,5,8,13.0,439.0,0.6153846153846154,0.44921875,252,464.0,4,22.0,0.18181818181818182,7,5,3291
2229,35,84.0,0,0,0.0,0.0,0.0,0.0,77,21.0,0,0.0,0.0,3,1,304
2231,123,433.0,1,0,0.0,9.0,0.0,0.0,223,353.0,7,11.0,0.6363636363636364,3,0,1995
2232,535,1093.0,1,18,44.0,2612.0,0.4090909090909091,0.48947849954254347,413,1467.0,7,10.0,0.7,9,2,7909
2233,147,276.0,0,2,9.0,284.0,0.2222222222222222,0.532608695652174,84,333.0,6,9.0,0.6666666666666666,4,2,1562
2234,377,652.0,4,4,7.0,1085.0,0.5714285714285714,0.5782208588957055,187,926.0,5,20.0,0.25,8,3,4086
2235,129,205.0,0,23,38.0,2475.0,0.6052631578947368,0.6292682926829268,102,831.0,5,8.0,0.625,9,7,3694
2236,121,241.0,0,7,12.0,238.0,0.5833333333333334,0.5020746887966805,136,231.0,3,8.0,0.375,3,0,1580
2237,220,471.0,0,11,22.0,954.0,0.5,0.46709129511677283,250,76.0,1,3.0,0.3333333333333333,4,0,2973
2238,99,177.0,0,1,6.0,652.0,0.16666666666666666,0.559322033898305,84,852.0,4,13.0,0.3076923076923077,3,0,2078
2239,143,409.0,2,0,0.0,14.0,0.0,0.0,224,395.0,3,17.0,0.17647058823529413,6,2,2511
2240,216,472.0,2,12,15.0,1492.0,0.8,0.4576271186440678,225,672.0,8,15.0,0.5333333333333333,5,1,4402
2241,245,500.0,0,10,29.0,1021.0,0.3448275862068966,0.49,218,2220.0,20,50.0,0.4,7,1,5036
2243,497,948.0,0,1,2.0,301.0,0.5,0.5242616033755274,288,1061.0,14,21.0,0.6666666666666666,7,0,5047
2245,228,515.0,1,4,13.0,464.0,0.3076923076923077,0.44271844660194176,260,1134.0,13,40.0,0.325,6,0,4150
2246,295,646.0,1,6,33.0,504.0,0.18181818181818182,0.456656346749226,319,1267.0,17,28.0,0.6071428571428571,6,1,4719
2247,195,367.0,0,6,10.0,902.0,0.6,0.5313351498637602,178,661.0,4,5.0,0.8,4,1,2769
2248,307,714.0,0,6,22.0,455.0,0.2727272727272727,0.42997198879551823,309,433.0,5,18.0,0.2777777777777778,6,0,4153
2249,166,374.0,1,1,6.0,270.0,0.16666666666666666,0.44385026737967914,189,326.0,2,10.0,0.2,4,3,2720
2250,141,308.0,1,26,50.0,2326.0,0.52,0.4577922077922078,120,1023.0,8,28.0,0.2857142857142857,7,4,5279
2251,43,70.0,0,2,3.0,166.0,0.6666666666666666,0.6142857142857143,32,2.0,0,0.0,0.0,2,1,429
2252,170,416.0,2,3,5.0,208.0,0.6,0.40865384615384615,246,1077.0,7,18.0,0.3888888888888889,6,1,2822
2253,142,337.0,0,7,9.0,1585.0,0.7777777777777778,0.42136498516320475,184,1148.0,12,16.0,0.75,6,1,4113
2254,145,286.0,1,8,10.0,561.0,0.8,0.506993006993007,129,119.0,1,2.0,0.5,5,3,2627
2255,187,390.0,0,9,16.0,560.0,0.5625,0.4794871794871795,202,1464.0,13,23.0,0.5652173913043478,5,0,3757
2256,156,434.0,1,6,10.0,817.0,0.6,0.35944700460829493,214,149.0,3,12.0,0.25,3,1,2368
2257,247,577.0,1,10,14.0,1830.0,0.7142857142857143,0.42807625649913345,319,584.0,2,4.0,0.5,7,2,5935
2259,348,794.0,0,10,23.0,566.0,0.43478260869565216,0.43828715365239296,475,496.0,4,7.0,0.5714285714285714,5,0,3960
2260,336,698.0,0,0,0.0,577.0,0.0,0.0,372,1031.0,1,1.0,1.0,6,1,4005
2261,342,707.0,0,6,31.0,545.0,0.1935483870967742,0.4837340876944837,348,2023.0,7,9.0,0.7777777777777778,7,0,6191
2262,238,486.0,2,2,7.0,327.0,0.2857142857142857,0.4897119341563786,227,515.0,6,9.0,0.6666666666666666,4,1,2844
2264,91,204.0,1,4,14.0,247.0,0.2857142857142857,0.44607843137254904,81,159.0,1,1.0,1.0,4,0,1820
2266,116,229.0,0,0,0.0,320.0,0.0,0.0,117,885.0,7,16.0,0.4375,4,1,2114
2267,152,365.0,1,2,5.0,224.0,0.4,0.41643835616438357,138,1218.0,9,15.0,0.6,4,0,3132
2268,63,111.0,3,2,2.0,95.0,1.0,0.5675675675675675,62,76.0,1,3.0,0.3333333333333333,4,3,665
2269,349,853.0,1,3,5.0,933.0,0.6,0.4091441969519343,335,914.0,6,16.0,0.375,7,2,5020
2270,257,423.0,2,14,33.0,2591.0,0.42424242424242425,0.607565011820331,212,536.0,7,10.0,0.7,7,4,4953
2272,176,456.0,1,2,5.0,258.0,0.4,0.38596491228070173,274,631.0,3,6.0,0.5,5,1,3075
2273,150,349.0,1,4,10.0,515.0,0.4,0.4297994269340974,110,698.0,8,9.0,0.8888888888888888,5,3,2499
2275,270,551.0,0,12,24.0,1326.0,0.5,0.4900181488203267,158,1606.0,17,54.0,0.3148148148148148,6,0,4339
2276,315,634.0,1,13,50.0,1616.0,0.26,0.4968454258675079,320,1244.0,8,13.0,0.6153846153846154,6,1,4555
2277,316,771.0,7,0,0.0,101.0,0.0,0.0,241,408.0,6,11.0,0.5454545454545454,5,1,3231
2278,215,558.0,2,1,9.0,858.0,0.1111111111111111,0.38530465949820786,346,412.0,3,10.0,0.3,6,2,4465
2279,220,484.0,1,8,14.0,857.0,0.5714285714285714,0.45454545454545453,269,564.0,8,19.0,0.42105263157894735,5,1,3261
2280,511,1167.0,0,1,3.0,68.0,0.3333333333333333,0.43787489288774634,636,14.0,1,1.0,1.0,5,0,4500
2281,586,1325.0,3,10,44.0,1216.0,0.22727272727272727,0.4422641509433962,667,1921.0,30,67.0,0.44776119402985076,11,2,8993
2282,102,200.0,1,4,5.0,453.0,0.8,0.51,116,0.0,0,0.0,0.0,2,0,1800
2283,136,292.0,0,1,8.0,119.0,0.125,0.4657534246575342,203,271.0,6,9.0,0.6666666666666666,4,1,2211
2284,217,479.0,1,3,8.0,344.0,0.375,0.453027139874739,324,783.0,3,7.0,0.42857142857142855,8,1,3482
2285,252,550.0,1,5,20.0,973.0,0.25,0.4581818181818182,261,53.0,0,0.0,0.0,5,1,3936
2286,127,269.0,1,0,0.0,97.0,0.0,0.0,155,723.0,1,5.0,0.2,4,0,2354
2287,155,231.0,0,4,4.0,558.0,1.0,0.670995670995671,108,688.0,4,4.0,1.0,3,1,1958
2288,83,231.0,0,4,4.0,644.0,1.0,0.3593073593073593,83,122.0,4,5.0,0.8,2,0,1737
2289,285,708.0,4,0,0.0,208.0,0.0,0.0,220,66.0,0,0.0,0.0,5,1,2548
2290,208,558.0,0,7,10.0,453.0,0.7,0.3727598566308244,250,1384.0,10,17.0,0.5882352941176471,6,1,5022
2291,247,521.0,0,4,5.0,468.0,0.8,0.4740882917466411,240,668.0,8,13.0,0.6153846153846154,6,0,3375
2292,280,607.0,1,2,4.0,67.0,0.5,0.4612850082372323,145,54.0,1,8.0,0.125,4,1,2607
2293,275,546.0,0,9,27.0,1326.0,0.3333333333333333,0.5036630036630036,304,899.0,8,23.0,0.34782608695652173,8,4,4287
2294,243,554.0,0,5,10.0,1113.0,0.5,0.43862815884476536,219,756.0,4,12.0,0.3333333333333333,5,1,4340
2295,161,367.0,2,0,0.0,120.0,0.0,0.0,161,896.0,6,9.0,0.6666666666666666,4,0,2932
2296,140,321.0,1,11,17.0,957.0,0.6470588235294118,0.43613707165109034,177,197.0,0,0.0,0.0,5,2,3173
2297,120,311.0,0,1,5.0,192.0,0.2,0.3858520900321543,148,456.0,6,14.0,0.42857142857142855,2,0,1800
2298,32,80.0,0,2,7.0,87.0,0.2857142857142857,0.4,63,361.0,4,5.0,0.8,3,1,702
2299,62,131.0,0,2,12.0,62.0,0.16666666666666666,0.4732824427480916,70,235.0,3,8.0,0.375,3,1,1064
2300,150,313.0,1,9,18.0,710.0,0.5,0.4792332268370607,211,2236.0,17,39.0,0.4358974358974359,6,1,4426
2301,97,239.0,0,5,15.0,298.0,0.3333333333333333,0.40585774058577406,146,631.0,10,12.0,0.8333333333333334,4,0,1991
2303,110,217.0,1,3,3.0,214.0,1.0,0.5069124423963134,137,203.0,1,2.0,0.5,2,0,1800
2304,150,395.0,2,3,4.0,120.0,0.75,0.379746835443038,157,212.0,1,2.0,0.5,5,4,2440
2305,189,372.0,0,10,34.0,1021.0,0.29411764705882354,0.5080645161290323,289,1544.0,8,12.0,0.6666666666666666,6,2,4082
2306,415,993.0,0,0,0.0,28.0,0.0,0.0,398,193.0,1,9.0,0.1111111111111111,5,1,4106
2308,137,319.0,0,2,6.0,356.0,0.3333333333333333,0.42946708463949845,237,1145.0,5,5.0,1.0,4,1,2955
2309,72,174.0,0,0,0.0,164.0,0.0,0.0,139,403.0,6,11.0,0.5454545454545454,4,0,1675
2310,412,877.0,2,4,6.0,777.0,0.6666666666666666,0.4697833523375142,374,351.0,3,7.0,0.42857142857142855,7,2,5269
2313,150,337.0,1,5,7.0,920.0,0.7142857142857143,0.44510385756676557,169,400.0,4,7.0,0.5714285714285714,4,1,2596
2314,75,147.0,0,4,17.0,947.0,0.23529411764705882,0.5102040816326531,68,143.0,0,0.0,0.0,2,0,1587
2315,198,471.0,0,4,6.0,438.0,0.6666666666666666,0.42038216560509556,155,755.0,4,14.0,0.2857142857142857,5,1,3362
2316,94,194.0,1,10,18.0,1400.0,0.5555555555555556,0.4845360824742268,41,342.0,3,17.0,0.17647058823529413,5,3,2460
2317,22,31.0,0,4,5.0,166.0,0.8,0.7096774193548387,24,596.0,2,7.0,0.2857142857142857,2,0,865
2318,235,515.0,0,2,2.0,572.0,1.0,0.4563106796116505,293,815.0,10,18.0,0.5555555555555556,5,2,3164
2320,131,297.0,1,1,6.0,131.0,0.16666666666666666,0.44107744107744107,194,793.0,2,12.0,0.16666666666666666,4,2,2391
2321,50,138.0,0,6,19.0,737.0,0.3157894736842105,0.36231884057971014,143,701.0,4,9.0,0.4444444444444444,3,0,2080
2322,70,138.0,1,1,2.0,417.0,0.5,0.5072463768115942,153,341.0,2,3.0,0.6666666666666666,4,1,1579
2323,276,572.0,4,13,16.0,1048.0,0.8125,0.4825174825174825,239,307.0,6,11.0,0.5454545454545454,5,2,3335
2324,85,185.0,0,5,11.0,321.0,0.45454545454545453,0.4594594594594595,238,741.0,4,14.0,0.2857142857142857,2,0,1800
2325,19,57.0,0,2,10.0,421.0,0.2,0.3333333333333333,75,819.0,4,6.0,0.6666666666666666,2,0,1558
2326,120,241.0,1,3,8.0,106.0,0.375,0.4979253112033195,134,405.0,6,14.0,0.42857142857142855,6,4,2277
2327,91,259.0,0,5,13.0,487.0,0.38461538461538464,0.35135135135135137,184,927.0,11,25.0,0.44,5,2,2786
2328,201,451.0,1,6,7.0,229.0,0.8571428571428571,0.44567627494456763,121,451.0,7,18.0,0.3888888888888889,5,3,2193
2329,131,256.0,0,1,4.0,26.0,0.25,0.51171875,146,228.0,2,6.0,0.3333333333333333,2,0,1434
2330,171,346.0,1,4,13.0,289.0,0.3076923076923077,0.49421965317919075,115,175.0,1,2.0,0.5,4,1,1925
2331,313,727.0,0,1,5.0,376.0,0.2,0.4305364511691884,330,371.0,3,5.0,0.6,5,1,3646
2332,38,86.0,0,4,7.0,173.0,0.5714285714285714,0.4418604651162791,50,6.0,0,0.0,0.0,2,0,505
2333,117,219.0,0,0,0.0,14.0,0.0,0.0,136,429.0,2,5.0,0.4,3,1,1323
2334,42,60.0,1,4,9.0,467.0,0.4444444444444444,0.7,29,62.0,0,0.0,0.0,3,1,724
2335,116,205.0,0,2,3.0,319.0,0.6666666666666666,0.5658536585365853,47,821.0,5,22.0,0.22727272727272727,3,0,1865
2336,100,172.0,1,7,24.0,894.0,0.2916666666666667,0.5813953488372093,66,54.0,0,0.0,0.0,2,0,1800
2337,115,227.0,1,7,7.0,1506.0,1.0,0.5066079295154186,69,104.0,0,0.0,0.0,4,1,2733
2338,58,108.0,3,1,9.0,288.0,0.1111111111111111,0.5370370370370371,45,124.0,0,0.0,0.0,3,1,704
2339,70,196.0,3,0,0.0,359.0,0.0,0.0,85,107.0,1,3.0,0.3333333333333333,2,2,1330
2341,66,147.0,0,4,10.0,512.0,0.4,0.4489795918367347,35,1331.0,16,28.0,0.5714285714285714,5,2,2236
2342,63,143.0,2,0,0.0,0.0,0.0,0.0,53,201.0,0,0.0,0.0,3,0,615
2343,191,507.0,0,1,6.0,171.0,0.16666666666666666,0.3767258382642998,285,381.0,3,4.0,0.75,4,1,2945
2344,289,560.0,2,10,19.0,1326.0,0.5263157894736842,0.5160714285714286,208,412.0,4,13.0,0.3076923076923077,5,1,3673
2345,144,376.0,0,0,0.0,486.0,0.0,0.0,219,513.0,3,10.0,0.3,3,0,2700
2346,281,585.0,2,6,20.0,731.0,0.3,0.48034188034188036,285,394.0,5,13.0,0.38461538461538464,5,2,3654
2347,200,464.0,0,2,8.0,316.0,0.25,0.43103448275862066,237,410.0,6,12.0,0.5,4,0,3600
2348,189,403.0,1,5,8.0,286.0,0.625,0.46898263027295284,232,394.0,3,11.0,0.2727272727272727,4,3,2205
2350,164,265.0,1,16,23.0,1433.0,0.6956521739130435,0.6188679245283019,61,1174.0,4,16.0,0.25,6,1,3181
2351,79,136.0,0,3,7.0,538.0,0.42857142857142855,0.5808823529411765,60,491.0,4,7.0,0.5714285714285714,3,2,1525
2352,217,407.0,0,22,47.0,1325.0,0.46808510638297873,0.5331695331695332,265,634.0,6,10.0,0.6,5,1,3899
2353,264,542.0,0,2,4.0,78.0,0.5,0.4870848708487085,218,1530.0,9,26.0,0.34615384615384615,4,1,3229
2354,40,93.0,0,0,0.0,2.0,0.0,0.0,35,94.0,0,0.0,0.0,2,0,377
2355,38,121.0,0,0,0.0,0.0,0.0,0.0,46,765.0,5,10.0,0.5,2,0,1495
2356,41,107.0,0,2,2.0,571.0,1.0,0.38317757009345793,47,687.0,4,5.0,0.8,2,0,1800
2357,70,113.0,1,4,10.0,597.0,0.4,0.6194690265486725,54,3.0,0,0.0,0.0,4,3,1630
2358,152,352.0,0,12,34.0,1048.0,0.35294117647058826,0.4318181818181818,150,378.0,4,10.0,0.4,4,1,2955
2359,147,299.0,1,7,12.0,785.0,0.5833333333333334,0.4916387959866221,175,759.0,16,27.0,0.5925925925925926,4,1,2905
2360,369,967.0,1,14,35.0,854.0,0.4,0.3815925542916236,477,155.0,3,7.0,0.42857142857142855,5,1,3637
2361,173,386.0,2,16,24.0,1388.0,0.6666666666666666,0.4481865284974093,178,348.0,5,15.0,0.3333333333333333,6,2,3929
2362,177,372.0,1,18,40.0,1558.0,0.45,0.47580645161290325,160,41.0,0,0.0,0.0,4,0,3600
2363,127,285.0,0,9,20.0,772.0,0.45,0.4456140350877193,109,1076.0,4,7.0,0.5714285714285714,5,0,3378
2364,183,369.0,0,11,26.0,562.0,0.4230769230769231,0.4959349593495935,110,381.0,6,7.0,0.8571428571428571,5,2,2642
2365,92,215.0,0,0,0.0,30.0,0.0,0.0,142,551.0,12,23.0,0.5217391304347826,3,1,1875
2366,40,85.0,0,2,2.0,68.0,1.0,0.47058823529411764,34,59.0,1,1.0,1.0,4,3,558
2367,51,128.0,0,2,5.0,306.0,0.4,0.3984375,34,511.0,4,8.0,0.5,3,2,1345
2368,183,339.0,1,7,15.0,475.0,0.4666666666666667,0.5398230088495575,261,1085.0,7,11.0,0.6363636363636364,4,1,3079
2369,316,541.0,1,5,14.0,1369.0,0.35714285714285715,0.5841035120147874,174,478.0,1,2.0,0.5,6,3,3793
2370,152,361.0,0,1,6.0,22.0,0.16666666666666666,0.42105263157894735,207,321.0,3,23.0,0.13043478260869565,3,0,1967
2371,137,250.0,0,3,5.0,1092.0,0.6,0.548,24,497.0,4,12.0,0.3333333333333333,4,3,2027
2372,199,424.0,1,6,12.0,658.0,0.5,0.4693396226415094,276,673.0,8,10.0,0.8,5,0,4062
2373,98,198.0,0,5,7.0,634.0,0.7142857142857143,0.494949494949495,145,576.0,5,9.0,0.5555555555555556,3,0,2309
2374,116,235.0,1,2,3.0,240.0,0.6666666666666666,0.49361702127659574,100,992.0,4,23.0,0.17391304347826086,5,2,2089
2375,153,343.0,1,0,0.0,56.0,0.0,0.0,135,72.0,0,0.0,0.0,4,2,1464
2376,166,380.0,0,2,20.0,300.0,0.1,0.4368421052631579,200,27.0,1,2.0,0.5,2,0,1800
2377,61,120.0,0,0,0.0,495.0,0.0,0.0,66,50.0,1,4.0,0.25,2,1,1031
2378,130,311.0,1,1,3.0,227.0,0.3333333333333333,0.4180064308681672,162,40.0,0,0.0,0.0,4,3,1971
2379,150,365.0,0,6,18.0,877.0,0.3333333333333333,0.410958904109589,168,1036.0,5,17.0,0.29411764705882354,4,0,3600
2380,76,104.0,0,0,0.0,67.0,0.0,0.0,63,290.0,2,8.0,0.25,1,0,900
2381,157,368.0,1,0,0.0,148.0,0.0,0.0,276,994.0,7,12.0,0.5833333333333334,6,3,2977
2382,328,673.0,0,0,0.0,111.0,0.0,0.0,287,146.0,2,3.0,0.6666666666666666,3,0,2700
2383,25,37.0,0,0,0.0,27.0,0.0,0.0,14,0.0,0,0.0,0.0,1,0,130
2384,48,79.0,1,0,0.0,0.0,0.0,0.0,46,3.0,0,0.0,0.0,3,2,366
2385,44,95.0,0,4,15.0,871.0,0.26666666666666666,0.4631578947368421,57,451.0,3,5.0,0.6,2,1,1760
2386,31,90.0,0,0,0.0,0.0,0.0,0.0,71,650.0,3,3.0,1.0,2,0,923
2387,136,292.0,0,2,5.0,177.0,0.4,0.4657534246575342,190,558.0,4,9.0,0.4444444444444444,4,1,2087
2388,105,273.0,0,3,11.0,519.0,0.2727272727272727,0.38461538461538464,129,814.0,4,9.0,0.4444444444444444,4,0,2773
2389,158,309.0,0,8,19.0,727.0,0.42105263157894735,0.511326860841424,138,785.0,6,15.0,0.4,5,2,2998
2390,269,561.0,0,3,17.0,538.0,0.17647058823529413,0.47950089126559714,285,671.0,13,29.0,0.4482758620689655,5,1,3870
2391,66,113.0,2,3,8.0,588.0,0.375,0.584070796460177,91,327.0,1,4.0,0.25,5,0,1782
2392,638,1438.0,2,6,18.0,512.0,0.3333333333333333,0.44367176634214184,627,674.0,10,31.0,0.3225806451612903,7,1,5691
2393,210,440.0,0,4,14.0,598.0,0.2857142857142857,0.4772727272727273,338,1379.0,13,33.0,0.3939393939393939,5,1,4099
2394,66,152.0,3,0,0.0,74.0,0.0,0.0,98,331.0,5,5.0,1.0,4,3,1508
2395,33,52.0,1,1,1.0,61.0,1.0,0.6346153846153846,33,167.0,2,4.0,0.5,3,1,535
2396,102,236.0,0,6,13.0,1147.0,0.46153846153846156,0.4322033898305085,75,572.0,5,12.0,0.4166666666666667,3,1,2489
2397,25,71.0,1,2,2.0,116.0,1.0,0.352112676056338,77,540.0,3,5.0,0.6,2,0,938
2398,164,273.0,1,3,3.0,305.0,1.0,0.6007326007326007,148,740.0,4,6.0,0.6666666666666666,4,1,2164
2399,9,26.0,0,1,2.0,66.0,0.5,0.34615384615384615,36,114.0,2,2.0,1.0,2,0,244
2400,180,389.0,1,4,22.0,421.0,0.18181818181818182,0.46272493573264784,202,157.0,4,7.0,0.5714285714285714,3,0,2440
2401,175,356.0,1,3,7.0,315.0,0.42857142857142855,0.49157303370786515,125,923.0,6,15.0,0.4,4,1,2401
2402,157,354.0,0,2,6.0,77.0,0.3333333333333333,0.4435028248587571,84,171.0,4,18.0,0.2222222222222222,2,0,1800
2403,44,133.0,0,0,0.0,5.0,0.0,0.0,63,86.0,0,0.0,0.0,1,1,597
2404,285,624.0,1,4,11.0,608.0,0.36363636363636365,0.4567307692307692,269,158.0,1,2.0,0.5,5,1,3803
2405,185,365.0,0,2,3.0,270.0,0.6666666666666666,0.5068493150684932,147,486.0,2,4.0,0.5,3,1,2302
2406,193,322.0,2,2,2.0,371.0,1.0,0.5993788819875776,125,72.0,2,9.0,0.2222222222222222,3,0,1891
2407,93,189.0,0,2,5.0,134.0,0.4,0.49206349206349204,166,558.0,4,8.0,0.5,3,0,1763
2408,196,489.0,3,1,6.0,485.0,0.16666666666666666,0.40081799591002043,200,400.0,5,8.0,0.625,4,1,2471
2409,109,223.0,0,6,11.0,719.0,0.5454545454545454,0.48878923766816146,158,1305.0,13,26.0,0.5,5,1,3927
2410,65,107.0,0,9,18.0,1114.0,0.5,0.6074766355140186,86,457.0,1,1.0,1.0,3,2,1747
2411,41,113.0,0,5,9.0,452.0,0.5555555555555556,0.36283185840707965,109,1169.0,9,17.0,0.5294117647058824,4,1,2140
2412,120,283.0,0,4,10.0,777.0,0.4,0.42402826855123676,193,233.0,1,1.0,1.0,4,2,2228
2413,136,314.0,1,0,0.0,5.0,0.0,0.0,133,246.0,1,12.0,0.08333333333333333,2,1,1129
2414,87,160.0,0,1,3.0,357.0,0.3333333333333333,0.54375,87,327.0,2,2.0,1.0,4,3,1453
2415,29,76.0,0,0,0.0,162.0,0.0,0.0,65,56.0,0,0.0,0.0,2,0,759
2416,158,311.0,2,4,13.0,557.0,0.3076923076923077,0.5080385852090032,141,349.0,3,9.0,0.3333333333333333,4,2,2358
2417,9,43.0,0,0,0.0,0.0,0.0,0.0,26,3.0,0,0.0,0.0,1,0,231
2418,261,654.0,0,4,26.0,756.0,0.15384615384615385,0.39908256880733944,335,665.0,9,16.0,0.5625,4,0,3600
2419,105,256.0,0,1,4.0,520.0,0.25,0.41015625,108,788.0,6,17.0,0.35294117647058826,3,1,2286
2420,238,685.0,0,2,11.0,339.0,0.18181818181818182,0.34744525547445254,305,85.0,0,0.0,0.0,4,0,3600
2421,208,525.0,0,11,13.0,906.0,0.8461538461538461,0.3961904761904762,245,530.0,5,7.0,0.7142857142857143,4,0,3600
2422,208,507.0,0,0,0.0,294.0,0.0,0.0,226,145.0,1,3.0,0.3333333333333333,2,0,1800
2423,77,179.0,1,0,0.0,26.0,0.0,0.0,86,612.0,1,6.0,0.16666666666666666,4,2,1525
2424,255,559.0,0,1,1.0,256.0,1.0,0.4561717352415027,316,107.0,1,2.0,0.5,4,1,2616
2425,48,75.0,0,0,0.0,15.0,0.0,0.0,38,101.0,2,2.0,1.0,2,0,459
2426,61,137.0,0,2,3.0,196.0,0.6666666666666666,0.44525547445255476,97,343.0,4,10.0,0.4,2,1,1118
2427,241,441.0,0,11,14.0,1316.0,0.7857142857142857,0.546485260770975,98,384.0,3,3.0,1.0,3,0,2700
2428,88,148.0,0,1,2.0,224.0,0.5,0.5945945945945946,112,823.0,5,9.0,0.5555555555555556,2,0,1800
2429,117,259.0,0,0,0.0,55.0,0.0,0.0,94,615.0,6,11.0,0.5454545454545454,2,0,1800
2430,15,31.0,0,2,3.0,322.0,0.6666666666666666,0.4838709677419355,18,415.0,3,8.0,0.375,1,0,900
2431,4,8.0,0,0,0.0,0.0,0.0,0.0,55,567.0,2,2.0,1.0,2,0,579
2432,122,220.0,2,3,7.0,246.0,0.42857142857142855,0.5545454545454546,75,879.0,1,4.0,0.25,3,1,1766
2433,98,162.0,1,4,7.0,319.0,0.5714285714285714,0.6049382716049383,47,24.0,1,1.0,1.0,2,0,1185
2434,400,626.0,2,0,0.0,69.0,0.0,0.0,273,906.0,6,14.0,0.42857142857142855,5,2,4039
2435,97,188.0,0,3,3.0,167.0,1.0,0.5159574468085106,108,324.0,1,4.0,0.25,2,0,1141
2436,153,271.0,0,3,3.0,497.0,1.0,0.5645756457564576,49,651.0,8,30.0,0.26666666666666666,3,1,2234
2437,46,122.0,0,3,8.0,523.0,0.375,0.3770491803278688,139,199.0,3,3.0,1.0,3,1,2085
2438,93,253.0,0,0,0.0,21.0,0.0,0.0,202,106.0,2,4.0,0.5,2,0,1295
2439,182,283.0,2,8,15.0,819.0,0.5333333333333333,0.6431095406360424,86,431.0,3,11.0,0.2727272727272727,4,3,1898
2440,123,255.0,0,5,11.0,302.0,0.45454545454545453,0.4823529411764706,144,1022.0,15,31.0,0.4838709677419355,3,1,2352
2441,201,427.0,0,0,0.0,20.0,0.0,0.0,182,421.0,3,10.0,0.3,3,0,2700
2442,83,140.0,0,11,19.0,605.0,0.5789473684210527,0.5928571428571429,53,637.0,5,28.0,0.17857142857142858,2,0,1800
2443,106,168.0,0,7,12.0,576.0,0.5833333333333334,0.6309523809523809,55,72.0,1,2.0,0.5,4,1,1213
2444,169,272.0,0,2,6.0,198.0,0.3333333333333333,0.6213235294117647,179,333.0,0,0.0,0.0,2,1,1457
2445,98,285.0,0,1,10.0,52.0,0.1,0.34385964912280703,108,234.0,1,9.0,0.1111111111111111,2,0,1800
2446,131,366.0,0,1,9.0,175.0,0.1111111111111111,0.35792349726775957,141,63.0,0,0.0,0.0,2,0,1800
2447,75,168.0,1,3,10.0,1010.0,0.3,0.44642857142857145,222,147.0,1,1.0,1.0,4,2,2648
2448,111,258.0,1,3,7.0,117.0,0.42857142857142855,0.43023255813953487,119,17.0,1,1.0,1.0,4,4,1577
2449,183,402.0,1,1,8.0,191.0,0.125,0.4552238805970149,189,458.0,2,5.0,0.4,4,1,2093
2450,58,107.0,0,2,6.0,170.0,0.3333333333333333,0.5420560747663551,85,85.0,1,1.0,1.0,2,1,695
2451,148,389.0,0,0,0.0,24.0,0.0,0.0,209,6.0,0,0.0,0.0,2,0,1800
2452,130,293.0,1,0,0.0,53.0,0.0,0.0,150,317.0,4,5.0,0.8,2,0,1800
2453,55,153.0,0,1,3.0,124.0,0.3333333333333333,0.35947712418300654,60,253.0,0,0.0,0.0,1,0,900
2454,147,345.0,0,1,1.0,12.0,1.0,0.4260869565217391,148,228.0,3,11.0,0.2727272727272727,3,0,1992
2455,67,172.0,1,0,0.0,157.0,0.0,0.0,32,30.0,0,0.0,0.0,1,0,900
2456,133,264.0,0,0,0.0,225.0,0.0,0.0,119,69.0,1,1.0,1.0,4,4,1662
2457,70,179.0,0,1,1.0,109.0,1.0,0.39106145251396646,61,186.0,3,9.0,0.3333333333333333,2,0,1114
2458,103,294.0,1,1,6.0,162.0,0.16666666666666666,0.35034013605442177,119,247.0,3,6.0,0.5,2,0,1800
2459,145,296.0,0,1,6.0,223.0,0.16666666666666666,0.48986486486486486,222,222.0,1,3.0,0.3333333333333333,3,2,1397
2460,28,49.0,1,0,0.0,14.0,0.0,0.0,51,793.0,3,3.0,1.0,2,1,1096
2461,34,62.0,2,0,0.0,7.0,0.0,0.0,23,0.0,0,0.0,0.0,2,2,246
2462,124,291.0,0,5,8.0,167.0,0.625,0.4261168384879725,120,615.0,5,5.0,1.0,4,1,2289
2463,104,226.0,1,0,0.0,79.0,0.0,0.0,160,22.0,0,0.0,0.0,3,1,1768
2464,138,308.0,0,4,7.0,840.0,0.5714285714285714,0.44805194805194803,124,239.0,3,11.0,0.2727272727272727,3,1,2440
2465,66,140.0,0,1,2.0,730.0,0.5,0.4714285714285714,78,239.0,5,9.0,0.5555555555555556,2,1,1499
2466,3,17.0,1,0,0.0,34.0,0.0,0.0,68,686.0,5,5.0,1.0,1,0,900
2467,147,323.0,1,5,24.0,185.0,0.20833333333333334,0.4551083591331269,184,716.0,7,10.0,0.7,3,1,2681
2468,123,231.0,0,4,13.0,384.0,0.3076923076923077,0.5324675324675324,148,246.0,4,7.0,0.5714285714285714,2,0,1781
2469,52,128.0,0,0,0.0,26.0,0.0,0.0,78,501.0,7,13.0,0.5384615384615384,2,0,1176
2470,39,91.0,1,4,5.0,87.0,0.8,0.42857142857142855,38,164.0,3,7.0,0.42857142857142855,1,0,649
2471,88,188.0,0,2,5.0,414.0,0.4,0.46808510638297873,103,585.0,2,5.0,0.4,3,0,2700
2472,64,107.0,1,0,0.0,21.0,0.0,0.0,77,1127.0,6,12.0,0.5,3,1,1818
2473,169,341.0,0,1,3.0,52.0,0.3333333333333333,0.49560117302052786,119,345.0,4,9.0,0.4444444444444444,2,0,1800
2474,16,48.0,0,0,0.0,21.0,0.0,0.0,25,396.0,2,2.0,1.0,1,0,615
2475,111,195.0,1,0,0.0,218.0,0.0,0.0,23,583.0,5,14.0,0.35714285714285715,2,0,1315
2476,5,13.0,0,0,0.0,0.0,0.0,0.0,34,47.0,0,0.0,0.0,1,0,165
2477,63,233.0,0,1,1.0,23.0,1.0,0.2703862660944206,105,12.0,0,0.0,0.0,1,0,900
2478,30,159.0,0,4,7.0,363.0,0.5714285714285714,0.18867924528301888,64,103.0,2,4.0,0.5,2,0,1132
2479,139,310.0,0,7,16.0,247.0,0.4375,0.4483870967741935,207,863.0,5,6.0,0.8333333333333334,4,1,3057
2480,30,59.0,0,1,2.0,24.0,0.5,0.5084745762711864,36,180.0,5,9.0,0.5555555555555556,1,0,472
2481,81,180.0,1,1,3.0,48.0,0.3333333333333333,0.45,89,53.0,2,3.0,0.6666666666666666,2,0,800
2482,117,246.0,1,0,0.0,1.0,0.0,0.0,70,84.0,2,4.0,0.5,3,2,914
2483,140,269.0,0,3,4.0,282.0,0.75,0.5204460966542751,88,9.0,0,0.0,0.0,1,0,900
2484,64,114.0,0,0,0.0,43.0,0.0,0.0,38,731.0,7,10.0,0.7,3,2,1273
2485,87,233.0,0,2,18.0,448.0,0.1111111111111111,0.37339055793991416,128,326.0,4,7.0,0.5714285714285714,2,0,1800
2486,68,126.0,1,0,0.0,49.0,0.0,0.0,42,430.0,1,14.0,0.07142857142857142,1,0,900
2487,180,364.0,0,19,37.0,951.0,0.5135135135135135,0.4945054945054945,203,296.0,3,11.0,0.2727272727272727,3,1,2399
2488,119,220.0,2,8,15.0,1009.0,0.5333333333333333,0.5409090909090909,148,315.0,3,8.0,0.375,4,2,2489
2489,47,108.0,0,0,0.0,12.0,0.0,0.0,31,916.0,6,11.0,0.5454545454545454,3,0,1428
2490,26,74.0,0,0,0.0,15.0,0.0,0.0,106,765.0,4,13.0,0.3076923076923077,2,1,1307
2491,91,171.0,0,1,4.0,305.0,0.25,0.5321637426900585,84,625.0,3,8.0,0.375,3,1,1932
2492,106,252.0,0,0,0.0,13.0,0.0,0.0,119,301.0,3,3.0,1.0,3,2,1727
2493,195,514.0,0,3,3.0,165.0,1.0,0.37937743190661477,182,19.0,0,0.0,0.0,3,0,2073
2494,96,169.0,2,0,0.0,20.0,0.0,0.0,108,80.0,0,0.0,0.0,3,2,1309
2495,60,124.0,0,3,13.0,280.0,0.23076923076923078,0.4838709677419355,83,692.0,3,6.0,0.5,2,0,1800
2496,148,387.0,0,1,1.0,298.0,1.0,0.38242894056847543,106,445.0,5,25.0,0.2,2,0,1800
2497,90,150.0,0,4,10.0,392.0,0.4,0.6,32,9.0,0,0.0,0.0,2,1,1123
2498,35,95.0,0,3,9.0,216.0,0.3333333333333333,0.3684210526315789,78,264.0,2,3.0,0.6666666666666666,2,0,1123
2499,51,100.0,0,0,0.0,9.0,0.0,0.0,32,9.0,1,2.0,0.5,1,0,900
2500,120,222.0,1,0,0.0,116.0,0.0,0.0,147,70.0,0,0.0,0.0,2,0,1402
2501,133,279.0,0,2,8.0,160.0,0.25,0.4767025089605735,186,66.0,2,4.0,0.5,2,1,1000
2502,152,270.0,0,3,3.0,467.0,1.0,0.562962962962963,164,363.0,1,6.0,0.16666666666666666,2,0,1800
2503,18,39.0,0,0,0.0,295.0,0.0,0.0,85,62.0,1,1.0,1.0,2,0,830
2504,61,227.0,0,1,5.0,251.0,0.2,0.2687224669603524,92,241.0,3,7.0,0.42857142857142855,2,1,1575
2505,59,109.0,0,10,19.0,1158.0,0.5263157894736842,0.5412844036697247,48,130.0,3,6.0,0.5,2,0,1800
2506,68,103.0,0,2,5.0,379.0,0.4,0.6601941747572816,84,108.0,2,9.0,0.2222222222222222,1,0,900
2507,171,313.0,1,2,9.0,134.0,0.2222222222222222,0.5463258785942492,132,386.0,3,7.0,0.42857142857142855,2,1,1588
2508,49,116.0,0,7,29.0,608.0,0.2413793103448276,0.4224137931034483,75,319.0,1,2.0,0.5,2,0,1800
2509,54,114.0,0,3,3.0,417.0,1.0,0.47368421052631576,41,625.0,6,12.0,0.5,2,1,1467
2510,149,330.0,0,2,4.0,395.0,0.5,0.45151515151515154,149,10.0,0,0.0,0.0,2,0,1800
2511,49,126.0,2,4,5.0,609.0,0.8,0.3888888888888889,46,257.0,2,6.0,0.3333333333333333,2,0,1422
2512,89,145.0,0,2,4.0,450.0,0.5,0.6137931034482759,52,76.0,0,0.0,0.0,2,0,1453
2513,80,226.0,0,3,13.0,252.0,0.23076923076923078,0.35398230088495575,146,38.0,0,0.0,0.0,2,0,1588
2514,148,328.0,1,3,8.0,331.0,0.375,0.45121951219512196,123,113.0,2,12.0,0.16666666666666666,2,0,1800
2515,3,5.0,0,0,0.0,16.0,0.0,0.0,8,124.0,1,1.0,1.0,1,0,159
2516,1,2.0,0,0,0.0,98.0,0.0,0.0,42,285.0,1,3.0,0.3333333333333333,1,1,409
2517,42,52.0,0,1,3.0,285.0,0.3333333333333333,0.8076923076923077,1,98.0,0,0.0,0.0,1,0,409
2518,70,161.0,0,0,0.0,95.0,0.0,0.0,70,157.0,3,5.0,0.6,2,1,1290
2519,62,134.0,1,0,0.0,217.0,0.0,0.0,44,429.0,2,2.0,1.0,2,0,1290
2520,32,74.0,0,1,2.0,72.0,0.5,0.43243243243243246,75,357.0,5,9.0,0.5555555555555556,1,0,900
2521,131,270.0,2,2,2.0,33.0,1.0,0.48518518518518516,78,0.0,0,0.0,0.0,3,1,1491
2522,36,96.0,0,6,12.0,469.0,0.5,0.375,73,444.0,5,13.0,0.38461538461538464,2,1,1274
2523,14,20.0,0,4,6.0,190.0,0.6666666666666666,0.7,6,111.0,0,0.0,0.0,1,0,374
2524,39,70.0,0,1,2.0,319.0,0.5,0.5571428571428572,45,119.0,3,12.0,0.25,1,0,900
2525,70,173.0,0,0,0.0,78.0,0.0,0.0,78,28.0,1,2.0,0.5,2,1,1070
2526,53,120.0,0,1,8.0,46.0,0.125,0.44166666666666665,71,2.0,0,0.0,0.0,1,0,435
2527,54,142.0,0,4,25.0,263.0,0.16,0.38028169014084506,140,91.0,2,4.0,0.5,1,0,900
2528,17,41.0,0,0,0.0,0.0,0.0,0.0,34,278.0,2,3.0,0.6666666666666666,1,0,432
2529,60,167.0,0,1,2.0,113.0,0.5,0.3592814371257485,96,0.0,0,0.0,0.0,1,0,900
2530,10,23.0,0,0,0.0,0.0,0.0,0.0,44,0.0,0,0.0,0.0,2,0,183
2531,147,344.0,0,1,4.0,33.0,0.25,0.4273255813953488,188,197.0,2,20.0,0.1,2,1,1156
2532,41,68.0,0,0,0.0,173.0,0.0,0.0,50,414.0,7,15.0,0.4666666666666667,2,2,915
2533,17,46.0,0,4,6.0,373.0,0.6666666666666666,0.3695652173913043,53,269.0,2,2.0,1.0,1,0,900
2534,58,107.0,1,1,3.0,122.0,0.3333333333333333,0.5420560747663551,31,184.0,1,9.0,0.1111111111111111,2,2,668
2535,3,8.0,0,0,0.0,0.0,0.0,0.0,11,20.0,0,0.0,0.0,1,0,75
2536,12,32.0,0,0,0.0,64.0,0.0,0.0,38,166.0,2,3.0,0.6666666666666666,1,0,380
2537,74,157.0,1,0,0.0,74.0,0.0,0.0,121,263.0,1,3.0,0.3333333333333333,1,0,900
2538,140,366.0,0,1,3.0,26.0,0.3333333333333333,0.3825136612021858,152,5.0,0,0.0,0.0,2,0,1045
2539,27,107.0,0,6,11.0,491.0,0.5454545454545454,0.2523364485981308,58,286.0,2,5.0,0.4,2,0,1800
2540,42,88.0,0,2,5.0,286.0,0.4,0.4772727272727273,9,17.0,1,1.0,1.0,1,0,900
2541,2,25.0,0,0,0.0,0.0,0.0,0.0,12,0.0,0,0.0,0.0,1,1,156
2542,12,19.0,1,0,0.0,0.0,0.0,0.0,2,0.0,0,0.0,0.0,1,0,156
2543,30,111.0,1,1,2.0,53.0,0.5,0.2702702702702703,48,65.0,0,0.0,0.0,1,1,646
2544,48,102.0,0,0,0.0,65.0,0.0,0.0,30,53.0,1,2.0,0.5,1,0,646
2545,44,107.0,0,4,14.0,285.0,0.2857142857142857,0.411214953271028,26,15.0,0,0.0,0.0,1,0,900
2546,109,225.0,0,4,6.0,393.0,0.6666666666666666,0.48444444444444446,101,92.0,0,0.0,0.0,2,0,1800
2547,50,161.0,0,0,0.0,36.0,0.0,0.0,51,0.0,0,0.0,0.0,1,0,900
2548,17,29.0,0,0,0.0,24.0,0.0,0.0,32,166.0,3,7.0,0.42857142857142855,1,0,425
2549,78,156.0,0,0,0.0,54.0,0.0,0.0,32,216.0,3,9.0,0.3333333333333333,1,0,900
2550,23,50.0,0,3,19.0,341.0,0.15789473684210525,0.46,44,200.0,2,4.0,0.5,1,0,900
2551,29,55.0,1,0,0.0,26.0,0.0,0.0,6,0.0,0,0.0,0.0,1,1,184
2552,7,14.0,0,0,0.0,0.0,0.0,0.0,12,11.0,0,0.0,0.0,1,1,73
2553,67,168.0,0,3,14.0,214.0,0.21428571428571427,0.39880952380952384,95,93.0,0,0.0,0.0,1,0,900
2554,31,67.0,0,0,0.0,14.0,0.0,0.0,33,559.0,5,14.0,0.35714285714285715,1,0,900
2555,13,24.0,0,0,0.0,0.0,0.0,0.0,21,134.0,1,2.0,0.5,1,1,184
2556,20,28.0,0,1,1.0,220.0,1.0,0.7142857142857143,47,84.0,0,0.0,0.0,1,0,513
2557,46,67.0,0,3,8.0,258.0,0.375,0.6865671641791045,34,133.0,0,0.0,0.0,1,1,562
2558,0,0.0,0,0,0.0,0.0,0.0,0.0,8,11.0,0,0.0,0.0,1,1,35
2559,38,131.0,0,0,0.0,0.0,0.0,0.0,41,302.0,1,2.0,0.5,1,0,900
2560,41,80.0,0,1,2.0,302.0,0.5,0.5125,38,0.0,0,0.0,0.0,1,0,900
2561,59,211.0,0,1,4.0,6.0,0.25,0.2796208530805687,125,18.0,0,0.0,0.0,1,0,900
2562,85,193.0,1,0,0.0,9.0,0.0,0.0,67,0.0,0,0.0,0.0,1,0,900
2563,6,7.0,1,0,0.0,1.0,0.0,0.0,0,0.0,0,0.0,0.0,1,1,19
2564,6,23.0,0,2,3.0,47.0,0.6666666666666666,0.2608695652173913,21,8.0,0,0.0,0.0,1,1,178
2565,40,87.0,0,2,4.0,187.0,0.5,0.45977011494252873,40,173.0,3,4.0,0.75,1,0,900
2566,86,172.0,0,1,9.0,331.0,0.1111111111111111,0.5,87,43.0,0,0.0,0.0,1,0,900
2567,28,47.0,0,1,9.0,181.0,0.1111111111111111,0.5957446808510638,29,35.0,1,3.0,0.3333333333333333,1,0,504
2568,5,19.0,0,0,0.0,0.0,0.0,0.0,39,441.0,2,4.0,0.5,1,1,553
2569,5,13.0,0,0,0.0,0.0,0.0,0.0,20,36.0,0,0.0,0.0,1,0,333
2570,32,64.0,1,0,0.0,53.0,0.0,0.0,13,18.0,0,0.0,0.0,1,1,339
2571,135,265.0,0,0,0.0,0.0,0.0,0.0,131,26.0,1,3.0,0.3333333333333333,1,0,900
2572,28,58.0,1,0,0.0,14.0,0.0,0.0,17,49.0,2,2.0,1.0,1,0,388
2573,16,44.0,0,0,0.0,0.0,0.0,0.0,14,5.0,0,0.0,0.0,1,1,189
2574,13,32.0,0,0,0.0,10.0,0.0,0.0,16,14.0,0,0.0,0.0,1,0,196
2575,17,44.0,1,0,0.0,2.0,0.0,0.0,14,0.0,0,0.0,0.0,1,0,100
2576,9,21.0,0,0,0.0,0.0,0.0,0.0,11,204.0,1,1.0,1.0,1,1,272
2577,18,56.0,0,0,0.0,109.0,0.0,0.0,73,336.0,0,0.0,0.0,1,0,900
