fighter_id,name,z_score_composite,scaled_z_score_composite
229,Andrei Arlovski,-0.37054994770366745,1713.761287285642
268,Robbie Lawler,0.041106385675079765,1843.0536411612266
408,Ed Herman,-0.027762448618116692,1821.42342932566
457,Clay Guida,-0.34510535946634646,1721.7528823124858
581,Matt Brown,0.11110306005857379,1865.038083184078
596,Jon Jones,-0.08741557116369546,1802.6876732967335
607,Jim Miller,0.18322343456940693,1887.6895335003182
612,Rafael Dos Anjos,-0.1630572599034858,1778.930254315659
723,Darren Elkins,-0.20190237357920338,1766.7298439819322
735,Court McGee,-0.40121035809191086,1704.1315152927014
740,Brad Tavares,-0.5975929796296846,1642.4519798645026
750,Charles Oliveira,0.1631559387676269,1881.3867669491392
773,Edson Barboza,-0.05422502840883802,1813.112105161931
777,Michael Johnson,-0.3418457025259093,1722.776670080299
791,John Makdessi,-0.4911834524334252,1675.872911672041
792,Dustin Poirier,0.3026416265070802,1925.196205642254
796,Rani Yahya,-0.06449254299166417,1809.8873008258245
812,Chris Weidman,-0.2517852953558924,1751.0626967725975
827,Chan Sung Jung,0.031938938393815085,1840.1743441799397
829,Alex Caceres,-0.23670171165864354,1755.800124289114
832,Jose Aldo,-0.33980754935432866,1723.416809924498
838,Tony Ferguson,0.0682147099201835,1851.5677796964092
881,Stipe Miocic,0.021157474982205757,1836.7881196288213
886,Dustin Jacoby,-0.11483567233391669,1794.0756123703131
893,Cub Swanson,0.05936605191360957,1848.7886075337467
924,Daniel Pineda,-0.20360399503573456,1766.195401473264
929,Max Holloway,-0.016811634917908207,1824.8628431408974
932,Stephen Thompson,-0.5072724185670077,1670.8197152696878
936,Tim Means,-0.010648917445060517,1826.7984194547485
956,Tim Elliott,-0.16528849366764997,1778.229472031933
962,Michael Chiesa,-0.31582195617111236,1730.95016614984
1009,Gunnar Nelson,-0.005657470163334153,1828.36612512565
1017,Robert Whittaker,-0.4006655801101599,1704.3026182781018
1030,Vinc Pichel,-0.0550987933949618,1812.8376744714985
1039,King Green,-0.05049807929285911,1814.2826592987383
1045,Neil Magny,-0.19552064684588927,1768.7342063692874
1051,Kyung Ho Kang,0.057065554025578405,1848.0660708862765
1057,Ilir Latifi,-0.5393451480006447,1660.7463644003974
1065,Kelvin Gastelum,-0.39733290932983956,1705.3493381143871
1068,Miesha Tate,-0.3705100281319826,1713.7738251600058
1082,Jorge Masvidal,-0.36320008089066463,1716.0697215398309
1086,Ovince Saint Preux,-0.26310428385537443,1747.5076472132307
1090,Kurt Holobaugh,0.31482246997362684,1929.0219452125739
1104,Anthony Smith,0.029351008412415374,1839.3615313265236
1111,Jessica Andrade,0.8155849293905579,2086.3006067095002
1113,Germaine de Randamie,-0.297142665752922,1736.8169274044797
1117,Amanda Nunes,0.3449516162491053,1938.4848586341789
1122,Zak Cummings,-0.3880176433878392,1708.2750617410177
1141,Andre Fili,-0.17258098805984595,1775.9390572146683
1146,Santiago Ponzinibbio,-0.24890630557092544,1751.966925217298
1152,Julianna Pena,0.4978824612918409,1986.5171305379502
1155,Davey Grant,0.042104998446694034,1843.3672838417424
1158,Raquel Pennington,-0.12924095977099526,1789.5512230436448
1163,Drew Dober,-0.06480762874483831,1809.7883392032345
1191,Beneil Dariush,-0.26832245525983844,1745.8687323973893
1195,Kevin Lee,-0.19188688636091092,1769.875491971933
1203,Douglas Silva de Andrade,-0.33535829058941136,1724.81422590495
1205,Pedro Munhoz,0.06882356023839942,1851.7590064173828
1206,Aljamain Sterling,-0.15500093546086416,1781.4605716369613
1207,Cody Gibson,-0.23336172353897933,1756.8491423434787
1222,Sean Strickland,-0.14147751869558378,1785.7079844525801
1245,Derrick Lewis,-0.14908778979877174,1783.3177628410565
1250,Aaron Phillips,-0.09045384436287664,1801.7334173755016
1251,Li Jingliang,-0.0005289820003995457,1829.976872374372
1260,Warlley Alves,0.07818740515754069,1854.6999876504053
1265,Marcos Rogerio de Lima,0.05557682803313617,1847.5984942398568
1276,Jake Matthews,-0.23160388426247594,1757.4012416539124
1280,Dan Hooker,-0.0018193126424668974,1829.5716074179911
1284,Diego Ferreira,0.08346647277349493,1856.3580286496363
1288,Rob Font,0.23046963568494677,1902.5285437586328
1310,Brian Ortega,0.2375737782432759,1904.7598013372428
1313,Gilbert Burns,-0.13616369917702098,1787.3769402730484
1328,Colby Covington,-0.2799341971483419,1742.221735328164
1337,Damon Jackson,0.10202066634419503,1862.1854996892034
1347,Jan Blachowicz,-0.2856804049502666,1740.4169756965769
1355,Christos Giagos,-0.3395068293289425,1723.5112595825917
1357,Leon Edwards,-0.3338891510936294,1725.275650856249
1365,Yair Rodriguez,-0.33431151818048677,1725.1429944862834
1369,Gabriel Benitez,0.21334164160558955,1897.1490111433782
1374,Marlon Vera,0.13730318545708176,1873.26697609775
1378,Dooho Choi,0.2679949719915481,1914.3144405556816
1380,Ashlee Evans-Smith,0.3412439605628596,1937.3203641465066
1381,Carla Esparza,-0.4081656490025938,1701.9470087982895
1382,Rose Namajunas,-0.20487305024992986,1765.7968186687808
1383,Jessica Penne,-0.06728393175365828,1809.0105859684145
1389,Joanne Wood,0.463523932569983,1975.725859533591
1391,Tecia Pennington,-0.10245972921848186,1797.962628522091
1395,Angela Hill,-0.08448989077314155,1803.6065662511494
1398,Bryan Barberena,0.05383911474957556,1847.0527160686615
1399,Henry Cejudo,-0.18517699827207873,1771.9829227458658
1402,Renato Moicano,-0.018968234344925373,1824.1855018887973
1403,Jake Collier,-0.09548917037906107,1800.1519303428113
1404,Cody Garbrandt,-0.2956589699376967,1737.2829241809932
1405,Jared Cannonier,-0.10321795687262092,1797.7244856095977
1415,Holly Holm,-0.07601399402368124,1806.268662162439
1424,Maryna Moroz,-0.07022616800475466,1808.0864931761573
1432,Taylor Lapilus,-0.4879928574911962,1676.8750085594095
1438,Islam Makhachev,0.06588945326744677,1850.8374668562553
1441,Nicolas Dalby,-0.2677633854374777,1746.044324140921
1442,Elizeu Zaleski dos Santos,-0.31081577040467867,1732.5225008601265
1447,Arnold Allen,-0.3967423893343752,1705.5348076773053
1455,Kamaru Usman,0.029916050251760667,1839.5389987514689
1458,Vicente Luque,0.4611678903933039,1974.9858776259819
1459,Michelle Waterson-Gomez,-0.17107245493618883,1776.4128548527517
1479,Joaquim Silva,-0.08944380301635348,1802.0506495242987
1485,Matheus Nicolau,-0.38507747964127803,1709.19850360441
1497,Danny Roberts,-0.21886456972549978,1761.402384912728
1502,Julian Erosa,0.2259546753600869,1901.110492338739
1507,Karolina Kowalkiewicz,0.4497012770241079,1971.3844622868412
1508,Valentina Shevchenko,-0.02527488716708836,1822.2047185937586
1511,Alex Morono,-0.0346430320380336,1819.262386838844
1518,Randy Brown,-0.1275678893415429,1790.0766982920106
1522,Mickey Gall,0.0632713103181625,1850.0151647628625
1532,Curtis Blaydes,0.2785780517475038,1917.6383570898204
1533,Marcin Tybura,-0.29151930452075814,1738.5831035845756
1535,Damir Hadzovic,-0.021613639903645697,1823.3546371992265
1543,Josh Emmett,-0.16578154412934393,1778.0746155421793
1550,Ion Cutelaba,-0.06462682863641578,1809.8451246082036
1552,Belal Muhammad,-0.5401553156043548,1660.4919082727395
1554,Khalil Rountree Jr.,-0.15520653876594456,1781.395996084193
1555,Tatiana Suarez,0.09339371348206514,1859.4759603189145
1560,Lando Vannata,-0.25230205048348436,1750.9003951598052
1561,Katlyn Cerminara,-0.16344996914203755,1778.8069128346128
1564,Devin Clark,-0.16244983039137148,1779.1210347921556
1573,Chase Sherman,,
1577,Max Griffin,-0.37321144995607825,1712.9253669726106
1578,Marvin Vettori,-0.23507368277847285,1756.3114529606955
1584,Veronica Hardy,0.21418269687576683,1897.4131684192498
1586,Jack Hermansson,-0.17481371996907197,1775.2378043959698
1590,Ricky Glenn,-0.40389654408483194,1703.2878423504637
1595,Brandon Moreno,-0.07001330668840267,1808.15334831334
1597,Ketlen Vieira,-0.4064661146666226,1702.4807957875155
1598,Marc Diakiese,-0.19984803181528096,1767.3750683129715
1601,Claudio Puelles,-0.17969089116892212,1773.7059903716179
1602,Alexa Grasso,-0.1723156214346078,1776.022403134153
1603,Alexander Volkov,-0.09985953158578112,1798.7792943795416
1608,Abdul Razak Alhassan,0.36260501385973887,1944.029409138836
1612,Alexander Volkanovski,0.07549073380874402,1853.8530214845914
1613,Tyson Pedro,,
1615,Matt Schnell,0.053875553911561666,1847.0641608215888
1618,Ashley Yoder,-0.2063151290739156,1765.343892889413
1620,Gerald Meerschaert,-0.15451557084609208,1781.6130141683725
1623,JJ Aldrich,-0.3182123250352516,1730.1994029718783
1626,Paul Craig,-0.3043818198219157,1734.5432656294595
1627,Irene Aldana,-0.00506846352900317,1828.5511193745563
1628,Niko Price,0.08896404552869142,1858.0846973887947
1629,Drakkar Klose,-0.32143175152104125,1729.1882507200455
1634,Alexandre Pantoja,0.2897131783455446,1921.1356596012304
1636,Volkan Oezdemir,-0.292107504709102,1738.3983626229174
1638,Ricardo Ramos,-0.1282549009207173,1789.8609228088976
1639,Gavin Tucker,1.050502894613852,2160.083260415054
1641,Aiemann Zahabi,-0.36737897960170185,1714.7572198068367
1642,Cynthia Calvillo,-0.32309698392024816,1728.6652372275134
1646,Paulo Costa,0.18485776983366725,1888.2028428707918
1647,Lucie Pudilova,-0.32657042864562097,1727.5743033387666
1656,Brian Kelleher,0.07321401493954943,1853.1379533128106
1657,Deiveson Figueiredo,-0.1853036401837061,1771.9431472595538
1665,Ji Yeon Kim,0.19991780757595484,1892.9328751119428
1666,Dominick Reyes,-0.07945907062597052,1805.1866380878043
1667,Jared Gordon,0.3352623415605393,1935.4416669467107
1669,Justin Gaethje,0.3397519858690953,1936.8517671532422
1672,Cody Stamann,-0.27151560570497846,1744.8658328818092
1674,Trevin Giles,-0.38641955064941025,1708.7769881177287
1681,Amanda Lemos,0.24005693253644628,1905.5397064123456
1682,Eryk Anders,-0.28194159207109654,1741.5912559848957
1685,Calvin Kattar,0.2948739590638501,1922.756549243396
1693,Aleksandar Rakic,-0.2206081663340173,1760.8547589163672
1698,Alex Reyes,,
1708,Nasrat Haqparast,-0.15471627421159156,1781.549977580685
1714,Jessica-Rose Clark,-0.1981788569105216,1767.8993200612567
1715,Shane Young,-0.03859831952991252,1818.0201165550798
1716,Tai Tuivasa,,
1720,Muslim Salikhov,-0.6036849361519933,1640.5386280352905
1722,Song Kenan,-0.057613992759496066,1812.0477047323282
1723,Yan Xiaonan,-0.029796660865025134,1820.7845272406935
1724,Song Yadong,-0.2223479554821827,1760.3083287609818
1730,Sean O'Malley,0.46984396607567763,1977.7108454120228
1734,Montana De La Rosa,-0.20987654968033942,1764.2253276785582
1740,Gillian Robertson,-0.05236166834475984,1813.6973462702726
1745,Alex Perez,0.028882100706827257,1839.2142575544713
1746,Merab Dvalishvili,-0.4214564360161481,1697.77265995799
1747,Julian Marquez,0.41363211015337,1960.0559168256973
1748,Michal Oleksiejczuk,0.01737413042612474,1835.599852903606
1750,Matt Frevola,-0.24689080801920815,1752.5999494211362
1752,Julio Arce,-0.34459925915577433,1721.9118374776206
1753,Dan Ige,-0.2013249148175184,1766.9112112937175
1755,Cory Sandhagen,0.038979470365670246,1842.3856230486651
1757,Priscila Cachoeira,-0.12586290757613455,1790.6121962010438
1758,Polyana Viana,0.14590280113638202,1875.9679294499706
1760,Israel Adesanya,-0.5615082875134402,1653.7854014695881
1763,Geoff Neal,-0.05067065247476871,1814.2284577935125
1765,Marcin Prachnio,-0.05266718968667154,1813.6013886224678
1767,Yana Santos,0.17437047765099206,1884.9090111423934
1768,Mackenzie Dern,-0.18508395753239715,1772.0121448305622
1769,Alexander Hernandez,-0.093283543228254,1800.8446701429234
1772,Hakeem Dawodu,-0.2199126314601911,1761.0732113820477
1773,Magomed Ankalaev,-0.3307270416947216,1726.2688010503473
1779,Ricky Simon,-0.1526771961599113,1782.1904079097267
1780,Andrea Lee,-0.2849147189500033,1740.6574611143308
1783,Molly McCann,0.2826337737408439,1918.9121716789948
1786,Nathaniel Wood,0.13879511999359825,1873.7355604784914
1789,Petr Yan,-0.05613821411775524,1812.5112148958278
1793,Brad Katona,-0.09098673613160754,1801.5660475926184
1799,Bryce Mitchell,0.11263749011540496,1865.5200144889527
1801,Blagoy Ivanov,-0.6120561862791488,1637.9093993654976
1802,Said Nurmagomedov,-0.22165201139808433,1760.5269097507612
1803,Raoni Barcelos,0.1208694011922123,1868.1054797756867
1804,Jennifer Maia,-0.1209394696593257,1792.1585416008577
1806,Abu Azaitar,0.12021623827562328,1867.9003354256488
1812,Kevin Holland,-0.07356783185991483,1807.0369488095043
1813,Montel Jackson,0.19295744396192996,1890.7467753910885
1815,Zhang Weili,0.11325902490618761,1865.715225128508
1822,Marina Rodriguez,-0.20841335638853953,1764.6848850557494
1823,Ryan Spann,-0.19914327022449496,1767.596418690958
1825,Mayra Bueno Silva,-0.09930127255311443,1798.9546314715603
1828,Jalin Turner,0.20782548015725272,1895.4165040976113
1829,Jonathan Martinez,0.16919197873772485,1883.2825565982762
1833,Thiago Moises,-0.06570136660233443,1809.5076354657385
1834,Maycee Barber,0.09024763768953745,1858.487845933917
1838,Johnny Walker,0.08126969425713634,1855.6680680142877
1843,Sergei Pavlovich,0.27913377800053685,1917.8128986905176
1844,Vince Morales,-0.23457305119784122,1756.4686905159956
1846,Sumudaerji,0.008508380688165448,1832.8153125976562
1849,Macy Chiasson,0.36132478018675546,1943.6273154221371
1850,Pannie Kianzad,0.3215403046008845,1931.131871822414
1851,Edmen Shahbazyan,-0.16192934192646957,1779.2845089654784
1857,Julija Stoliarenko,-0.5069559717942499,1670.9191043591022
1858,Roosevelt Roberts,0.0454574469458994,1844.4202154319146
1859,Chris Gutierrez,-0.2870274321465298,1739.9939035783616
1860,Sodiq Yusuff,0.18138332218033537,1887.1115939840574
1862,Jimmy Crute,0.19857744389143084,1892.511895858693
1863,Kai Kara-France,-0.3054246403975591,1734.215738233517
1864,Damir Ismagulov,-0.5646512257047868,1652.7982725372835
1866,Kyle Nelson,-0.23860809725199392,1755.2013697922846
1872,Ariane da Silva,0.10036575964831569,1861.665729276834
1873,Alonzo Menifield,-0.2018570384334224,1766.7440827710288
1875,Mario Bautista,0.18431861997227678,1888.0335075563107
1878,Anthony Hernandez,0.2631186232905823,1912.782884860446
1879,Taila Santos,-0.2439540165318339,1753.5223321308297
1880,Jairzinho Rozenstruik,-0.4044898828528971,1703.1014874720165
1887,Kron Gracie,,
1889,Ismail Naurdiev,-0.6915666681304005,1612.9368761154496
1890,Joel Alvarez,0.3677026146740203,1945.6304553391628
1892,Grant Dawson,0.16851331339914274,1883.069402488879
1898,Kennedy Nzechukwu,-0.13110639608336888,1788.9653298306043
1904,Arman Tsarukyan,-0.23501547480699636,1756.3297348260194
1906,Movsar Evloev,-0.20539632953417383,1765.6324679594427
1907,SeungWoo Choi,-0.06991019808993382,1808.185732494804
1909,Rafael Fiziev,-0.06630058750495274,1809.319433136006
1911,Takashi Sato,-0.4016758394582247,1703.9853176597342
1912,Virna Jandiroba,-0.5275855358265731,1664.4398043292101
1913,Mike Davis,0.17426740589483197,1884.8766385323022
1914,Serghei Spivac,0.011232558267557764,1833.670917875787
1915,Marc-Andre Barriault,0.04592182018843473,1844.5660650271616
1918,Luana Carolina,-0.24459178203146034,1753.3220237765513
1920,Viviane Araujo,-0.12456151597129826,1791.0209351666808
1923,Austin Hubbard,-0.28042365974195166,1742.0680057102022
1924,Charles Jourdain,0.14197487899760447,1874.7342540319482
1925,Michel Pereira,-0.19341499839398182,1769.395545021719
1934,Journey Newson,-0.5447166271714201,1659.0592989298311
1937,Amanda Ribas,-0.1720011572737561,1776.1211695280335
1939,Julia Avila,0.01978630317045129,1836.357464208912
1940,Wellington Turman,-0.19099155947243648,1770.1566947897027
1948,Hannah Goldy,-0.07318954128244537,1807.1557617008514
1950,Rodolfo Vieira,-0.009735377219930718,1827.0853426877707
1951,Ciryl Gane,-0.20810157862301804,1764.7828077109398
1955,Mizuki,-0.13127921099993883,1788.911052401748
1956,JunYong Park,0.056751098603661065,1847.9673072371058
1957,Da Woon Jung,-0.3375911222958653,1724.1129417421
1959,Alatengheili,-0.2748093635913331,1743.8313347441813
1960,Batgerel Danaa,0.11078695567180988,1864.9388016307016
1961,Karol Rosa,0.6460797904789803,2033.0627074550216
1963,Lerone Murphy,0.11448497967777728,1866.1002710158455
1965,Ottman Azaitar,,
1966,Fares Ziam,-0.433322452549236,1694.0458007205834
1968,Miles Johns,-0.5665864595371242,1652.1904574323173
1972,Ariane Carnelossi,0.9035819237740497,2113.9385600586847
1973,Tyson Nam,,
1974,Mark Madsen,-0.08733775198488739,1802.7121146182653
1975,Makhmud Muradov,0.20006725859591104,1892.9798144460244
1976,Giga Chikadze,-0.4341183962129008,1693.7958120249573
1977,Jack Shore,0.10022740789674472,1861.6222759829745
1979,Justin Tafa,,
1982,Jamie Mullarkey,-0.2129741136433297,1763.252449810342
1983,Zarah Fairn,,
1984,Bruno Silva,0.04108215277528325,1843.046030131341
1985,Miguel Baeza,,
1987,Jonathan Pearce,0.11657575902741771,1866.7569396047402
1988,Diana Belbita,0.008722684355325527,1832.882620746043
1989,Sean Woodson,-0.3175584227759415,1730.4047795334798
1990,Sean Brady,-0.07189629425296234,1807.5619426314643
1991,Brendan Allen,0.11642509298317974,1866.709618657802
1992,Tanner Boser,-0.27820069935379754,1742.7661895054025
1993,Don'Tale Mayes,-0.15858111134210395,1780.3361157997952
1994,Loma Lookboonmee,-0.2874422548322674,1739.8636167416698
1996,Roman Kopylov,-0.21323534011756365,1763.1704042227734
1997,Abubakar Nurmagomedov,-1.0511484912726528,1500.0
1998,Andre Muniz,-0.26023151044862886,1748.4099232279364
2001,Tracy Cortez,-0.2815814973461556,1741.7043539523766
2002,Billy Quarantillo,0.5426292972423403,2000.5711442368035
2004,Joe Solecki,-0.02564092733916607,1822.0897532898787
2006,Chase Hooper,0.48029944989917944,1980.9946868225347
2007,Punahele Soriano,0.6656149330283746,2039.1982733596578
2009,Ode Osbourne,-0.43282695007814276,1694.2014273334742
2010,Aleksa Camur,-0.09283329144813317,1800.986084492147
2011,Jamahal Hill,0.10420487073357913,1862.8715110631351
2013,Herbert Burns,0.24584587336271788,1907.3578875629473
2014,Nate Landwehr,0.35114685712388755,1940.4306498453877
2015,Khaos Williams,,
2016,Youssef Zalal,-0.3740385106605413,1712.6656050872527
2017,Austin Lingo,-0.11620442819016724,1793.645715749792
2019,Daniel Rodriguez,0.44898720660175484,1971.1601882061263
2021,Josh Culibao,-0.5723278701698541,1650.3872044878544
2022,Norma Dumont,0.07350529288250719,1853.2294374169612
2024,Kyler Phillips,-0.10380738575060885,1797.539358743088
2025,Steve Garcia,0.16624812979635623,1882.3579572948724
2026,TJ Brown,0.39961442996487523,1955.6532665553366
2029,Jamall Emmers,-0.22858504015726092,1758.3493953168065
2030,David Dvorak,-0.3620684215119975,1716.4251512830158
2031,Philipe Lins,-0.4177990991127035,1698.921350403929
2034,Rodrigo Nascimento,-0.14438415202731852,1784.7950737675224
2035,Gabe Green,0.24351274662805988,1906.6251029002212
2036,Brandon Royval,0.04467231869779851,1844.1736236244765
2037,Mariya Agapova,0.13459538536144772,1872.4165146331698
2047,Jinh Yu Frey,-0.5810594233179786,1647.644812429302
2048,Jiri Prochazka,0.41949425562752635,1961.897089973439
2050,Maxim Grishin,-0.6377244568954904,1629.8475505396498
2051,Zhalgas Zhumagulov,-0.06803483427646287,1808.774743721296
2053,Khamzat Chimaev,0.0864818921872316,1857.3051066909825
2054,Modestas Bukauskas,-0.159169906354852,1780.1511880166524
2056,Roman Dolidze,0.004538984181573282,1831.5686109774224
2057,Amir Albazi,-0.31489427559731625,1731.2415305606492
2058,Malcolm Gordon,-0.2902556687823692,1738.9799842488828
2060,Rhys McKee,,
2061,Jai Herbert,-0.2256727887254023,1759.2640705256442
2062,Tom Aspinall,0.9873713686153902,2140.255013068283
2064,John Castaneda,0.19690982015871064,1891.9881313000074
2065,Nate Maness,0.02767279377403787,1838.8344403933577
2066,Johnny Munoz,-0.7845314647484891,1583.7386434934365
2068,Cody Durden,0.09203649777019798,1859.0496882082343
2069,Joaquin Buckley,-0.3382226004614876,1723.9146081034937
2070,Alexander Munoz,,
2074,Chris Daukaus,,
2075,Parker Porter,-0.03394007439425557,1819.483170636078
2079,Matthew Semelsberger,0.03982257735697651,1842.650424725783
2083,Bill Algeo,0.16078961540751374,1880.6435559441034
2088,Alexandr Romanov,0.6807986196634047,2043.9671410446017
2093,Ludovit Klein,-0.1460757016937151,1784.2637945903728
2097,Dusko Todorovic,-0.08708345832342443,1802.7919827592373
2098,Nassourdine Imavov,-0.27402281287676367,1744.0783733175817
2100,Dricus Du Plessis,0.26219504445375735,1912.4928087165356
2102,Ilia Topuria,0.047373235351361245,1845.0219231487295
2104,Stephanie Egger,-0.10971605578699152,1795.6835732362604
2105,Tagir Ulanbekov,0.3200135337787089,1930.652346117544
2106,Guram Kutateladze,-0.4407016116827929,1691.7281663818392
2107,Mateusz Gamrot,-0.4010846623327047,1704.1709936129948
2109,Phil Hawes,0.8132050997171463,2085.5531536634776
2110,Jacob Malkoun,-0.46722218822551076,1683.3986266922584
2112,Shavkat Rakhmonov,0.16215015968897026,1881.0708734865245
2113,Miranda Maverick,-0.2067746633622549,1765.1995631050554
2115,Adrian Yanez,,
2119,Ramiz Brahimaj,-0.4179498115343013,1698.8740148908646
2120,Cory McKenna,-0.13942779035404265,1786.3517598073968
2121,Kanako Murata,-0.2574074800402314,1749.2968901207353
2122,Jared Gooden,-0.04335187597743354,1816.5271272517548
2123,Dustin Stoltzfus,-0.3537464956991678,1719.038888252122
2126,Josh Parisian,0.24679394791127848,1907.655657280291
2127,Jordan Leavitt,-0.0345812204199516,1819.281800531652
2128,Sam Hughes,-0.3116395993922519,1732.2637539871705
2129,Tafon Nchukwi,-0.25656010493376913,1749.5630323205428
2130,Jamie Pickett,-0.651334834607291,1625.572825170915
2131,Jimmy Flick,0.3273156521709376,1932.9457836251381
2132,Joselyne Edwards,-0.157076712818483,1780.8086148494017
2136,Umar Nurmagomedov,-0.22411189459049868,1759.7543136252605
2138,Manon Fiorot,-0.26914426378418443,1745.6106201082484
2139,Victoria Leonardo,-0.4357755984878465,1693.275320620836
2140,Michael Chandler,-0.01077922601198212,1826.7574923512855
2141,Manel Kape,-0.013659578746668611,1825.8528358335466
2142,Phil Rowe,0.03473565164173164,1841.052731343257
2143,Casey O'Neill,0.34530354645924244,1938.5953923040852
2146,Ronnie Lawrence,0.23780666199670258,1904.8329450890049
2147,Carlos Ulberg,0.32401558982013307,1931.9093053915356
2148,Uros Medic,1.17759454516718,2200.0
2150,Rafa Garcia,-0.4091897787904672,1701.6253517746711
2152,Montserrat Conejo Ruiz,-0.3412946651689644,1722.9497390001138
2156,JP Buys,-0.4152222374936962,1699.730686924027
2158,Ignacio Bahamondes,,
2160,Loopy Godinez,-0.31638910806986564,1730.7720360008564
2162,Pat Sabatini,0.10558233884914435,1863.3041440159388
2163,Rongzhu,0.36474732454436887,1944.70226260589
2165,Aoriqileng,0.02771482227920416,1838.8476406381303
2166,Liang Na,0.3181480491059034,1930.0664377155376
2167,Luana Pinheiro,-0.5433062064435346,1659.5022815856948
2168,Carlston Harris,0.1868087806858415,1888.815613196573
2169,Tucker Lutz,,
2170,Chris Barnett,0.7115578626279654,2053.6279542129005
2171,Shayilan Nuerdanbieke,-0.25126415812691977,1751.2263747086881
2174,Gregory Rodrigues,0.020682465913779452,1836.6389295506194
2175,Kamuela Kirk,-0.31329475121804196,1731.7439065847962
2176,Tabatha Ricci,-0.28241358670817457,1741.443012674405
2177,Terrance McKinney,0.8138092450043011,2085.7429026359227
2178,Jeremiah Wells,-0.1968416734411809,1768.3193004776772
2180,Preston Parsons,-0.22613164402253788,1759.1199539977433
2181,Elise Reed,-0.222290644422049,1760.326328925845
2182,Melsik Baghdasaryan,,
2184,Orion Cosce,,
2185,Melissa Gatto,-0.028278068083960738,1821.261484399668
2187,Josiane Nunes,0.5918868887033012,2016.0418887142607
2188,Bryan Battle,0.29208223051669335,1921.8797276668129
2189,Gilbert Urbina,0.6489592912473051,2033.9670963885465
2190,Ricky Turcios,-0.18934139343195683,1770.674976264709
2191,Brady Hiestand,0.3965414496839525,1954.688109890133
2192,Andre Petroski,-0.26385725332077525,1747.2711557841324
2194,Vanessa Demopoulos,0.0436788454624268,1843.8615951611723
2196,Paddy Pimblett,0.05138138217006758,1846.2807954041762
2198,Mandy Bohm,-0.6837536445110404,1615.3907779085825
2200,Erin Blanchfield,0.4707002677431743,1977.9797912516497
2202,Cody Brundage,-0.15549010114519946,1781.306935271783
2204,Mike Breeden,0.46824141060136976,1977.207517386461
2207,Istela Nunes,0.7034840458987163,2051.0921429425703
2208,David Onama,0.24296085507746895,1906.451765696651
2209,Maria Oliveira,-0.03977221494770259,1817.6514213851935
2210,Daniel Lacerda,1.031382073363949,2154.07782387253
2212,Albert Duraev,-0.5218903116608283,1666.2285511029922
2213,Benoit Saint Denis,0.4198562163615158,1962.010774014017
2215,Alex Pereira,-0.02454242909161012,1822.4347678387596
2216,Chris Curtis,0.04840992885976808,1845.3475261653266
2217,Ian Machado Garry,-0.22536040505202704,1759.3621834833912
2219,CJ Vergara,0.07583410275313478,1853.9608662460303
2220,Natan Levy,0.19428174726357045,1891.162710425317
2222,Viacheslav Borshchev,0.005386591167536831,1831.8348260055677
2223,Joanderson Brito,0.6744992144668316,2041.9886340720593
2224,Joseph Holmes,0.2921173966683084,1921.8907725947063
2225,Andre Fialho,-0.21817102035584338,1761.6202137744772
2226,Michael Morales,,
2227,Victor Henry,0.18943159618580876,1889.6393828371101
2228,Jack Della Maddalena,0.3585790829561837,1942.7649512868484
2229,Pete Rodriguez,,
2231,Genaro Valdez,,
2232,Jasmine Jasudavicius,0.1482354450598885,1876.7005624721528
2233,Tresean Gore,0.055525043057321005,1847.5822296985984
2234,Chidi Njokuani,0.08117502370314733,1855.6383340401555
2235,Jailton Almeida,0.6075988998396626,2020.9766917021466
2236,Denys Bondar,0.048180207145848634,1845.275375541807
2237,AJ Dobson,0.015963777502251496,1835.1568915435166
2238,Blood Diamond,-0.6867028793436908,1614.4644870131758
2239,Nikolas Motta,,
2240,Chad Anheliger,0.2705816263356433,1915.126852759001
2241,Christian Rodriguez,-0.5157652954058045,1668.1522862794645
2243,Armen Petrosyan,-0.12170700224751019,1791.917476209763
2245,Carlos Hernandez,-0.4806748110773268,1679.1734487142203
2246,Victor Altamirano,-0.15855995088113514,1780.3427618430742
2247,AJ Fletcher,0.5073347640946426,1989.4858944796788
2248,Javid Basharat,-0.3771412426026369,1711.6911040685368
2249,Azamat Murzakanov,-0.3383916901846649,1723.8615006773396
2250,Muhammad Mokaev,-0.09290547953772582,1800.9634117739877
2251,Aliaskhab Khizriev,,
2252,Denis Tiuliulin,-0.3090521002690207,1733.0764315173512
2253,Josh Fremd,0.2412603635102803,1905.9176780617959
2254,Mike Malott,0.31261877318556913,1928.3298116976648
2255,Piera Rodriguez,-0.33572205019917956,1724.6999768763835
2256,Daniel Santos,0.31980703646787045,1930.5874897768967
2257,Caio Borralho,-0.012912865958508504,1826.0873621755995
2259,Ange Loosa,0.017457607782147527,1835.6260713362653
2260,Martin Buday,,
2261,Trey Ogden,-0.3119770306239287,1732.1577741329154
2262,Evan Elder,0.09178723922085952,1858.9714014871165
2264,Yohan Lainesse,-0.20700652692017235,1765.126739774645
2266,Kleydson Rodrigues,,
2267,Fernie Garcia,-0.47839552638249366,1679.8893227563583
2268,Manuel Torres,0.6448760179890105,2032.6846285427368
2269,Jake Hadley,0.0025478627015669553,1830.9432427706727
2270,Tatsuro Taira,0.7200984819676656,2056.310378090415
2272,Lucas Almeida,-0.22824556010539682,1758.4560186611848
2273,Karine Silva,0.16814280261958223,1882.9530330638481
2275,Dan Argueta,-0.3277369920212808,1727.207911004787
2276,Rinat Fakhretdinov,0.0018762138658421218,1830.7322923931188
2277,Maheshate,,
2278,Natalia Silva,-0.4600004768319168,1685.6668101000644
2279,Garrett Armfield,0.19006831057859525,1889.8393610614557
2280,Emily Ducote,0.9212799442285131,2119.4971256337963
2281,Charles Johnson,-0.17654904365229426,1774.692776746575
2282,Hamdy Abdelwahab,,
2283,Adam Fugitt,-0.28806669697490395,1739.6674929657572
2284,Ihor Potieria,-0.28547313246629474,1740.4820755023454
2285,Mohammed Usman,,
2286,Zac Pauga,,
2287,Juliana Miller,1.0545802711140824,2161.36387621665
2288,Brogan Walker,0.5787029710319415,2011.901105223718
2289,Yazmin Jauregui,,
2290,Iasmin Lucindo,-0.502093252145689,1672.4463794636517
2291,Lukasz Brzeski,-0.06974067485205632,1808.2389760785522
2292,Josh Quinlan,-0.2523492854148405,1750.8855596891344
2293,Da'Mon Blackshear,0.1007795926760239,1861.7957052833362
2294,William Gomis,-0.2838738989800689,1740.9843601632754
2295,Jarno Errens,,
2296,Abus Magomedov,,
2297,Michal Figlak,-0.4349185739510828,1693.5444934980703
2298,Gabriel Miranda,-0.013360946845024611,1825.9466296571202
2299,Cristian Quinonez,-0.30269808158663725,1735.0720914049862
2300,Ailin Perez,-0.6084288683879983,1639.0486614887172
2301,Anton Turkalj,-0.22617495132268098,1759.1063521111173
2303,Melissa Martinez,0.11703128329423604,1866.9000099280388
2304,Joe Pyfer,-0.16284291554590902,1778.9975752440257
2305,Denise Gomes,-0.020944981544981253,1823.5646483325932
2306,Daniel Zellhuber,,
2308,Chelsea Chandler,-0.048349805212916534,1814.9573857393252
2309,Lucas Alexander,,
2310,Waldo Cortes-Acosta,-0.04500764310348372,1816.0070865968723
2313,Tamires Vidal,0.7414699169035321,2063.0226837310884
2314,Tereza Bleda,,
2315,Francis Marshall,-0.5027194515913599,1672.2497037568505
2316,Raul Rosas Jr.,0.11392606915982043,1865.9247293063827
2317,Erik Silva,-0.4882955181475992,1676.7799493910718
2318,Cameron Saaiman,0.5033197485725809,1988.2248649130165
2320,Alessandro Costa,-0.3678826668641001,1714.5990225279604
2321,Mateus Mendonca,-0.49031368762470284,1676.1460859932397
2322,Claudio Ribeiro,0.25476746954117974,1910.1599680284007
2323,Mateusz Rebecki,0.6673770400264706,2039.7517130691713
2324,Nick Fiore,-0.08828713236180227,1802.413934768469
2325,Nick Aguirre,-0.7774737618321316,1585.9553153845766
2326,Brunno Ferreira,-0.33362830957735895,1725.3575755368445
2327,Melquizael Costa,-0.394668035366459,1706.1863174089344
2328,Gabriel Bonfim,0.05656501689913637,1847.908862996995
2329,Luan Lacerda,-0.06527863650301247,1809.6404058500705
2330,Ismael Bonfim,-0.099572356115465,1798.869489985735
2331,Daniel Marcos,0.11906961014153161,1867.540204320025
2332,Yusaku Kinoshita,,
2333,Anshul Jubli,,
2334,Jeka Saragih,,
2335,JeongYeong Lee,-0.5234238849409372,1665.7468888931617
2336,Yizha,,
2337,Rinya Nakamura,,
2338,Toshiomi Kazama,,
2339,HyunSung Park,,
2341,Jesus Aguilar,-0.44596929307624744,1690.0737015489133
2342,Shannon Ross,,
2343,Francisco Prado,-0.05031839987123335,1814.3390927202147
2344,Jack Jenkins,0.3409484018672051,1937.2275355504885
2345,Blake Bilder,,
2346,Elves Brener,-0.03013500179628857,1820.6782616694668
2347,Jamal Pogues,-0.6128048603099545,1637.6742570395338
2348,Nazim Sadykhov,0.289887887076429,1921.1905318362165
2350,Themba Gorimbo,0.3242786789557631,1931.991936000776
2351,Clayton Carpenter,0.2526713564381234,1909.5016242228792
2352,Trevor Peek,0.2026435017565018,1893.7889567217057
2353,Gabriella Fernandes,-0.35756711424840804,1717.8389145715578
2354,Victor Martinez,,
2355,Carl Deaton,,
2356,Nurullo Aliev,0.14639494744640613,1876.1225019652334
2357,Bo Nickal,,
2358,Farid Basharat,-0.18216300598828455,1772.9295525565533
2359,Loik Radzhabov,0.09957383096415777,1861.4170015994632
2360,Esteban Ribovics,0.3827628340651099,1950.3605446322752
2361,Vitor Petrino,-0.12041886577002962,1792.3220520264872
2362,Karl Williams,,
2363,Sedriques Dumas,-0.5640652731408202,1652.9823075687207
2364,Chris Duncan,0.1460767843863015,1876.0225738270713
2365,Yanal Ashmouz,,
2366,Sam Patterson,0.6017488381627488,2019.1393138138542
2367,Jafel Filho,-0.3159024560303738,1730.9248828845368
2368,Gabriel Santos,0.14078809327441733,1874.3615102958383
2369,Christian Leroy Duncan,0.15027540981434934,1877.3412712953664
2370,Vinicius Salvador,-0.3615873089360294,1716.5762583409723
2371,Jaqueline Amorim,0.36605264109017005,1945.1122343106229
2372,Bruna Brasil,-0.030673481094578573,1820.5091369643574
2373,Gaston Bolanos,-0.014937771534342219,1825.4513831147976
2374,Junior Tafa,-0.45471147897694447,1687.3279699726688
2375,Fernando Padilla,,
2376,Trey Waters,0.06372016557199633,1850.1561404933736
2377,Irina Alekseeva,,
2378,Marcus McGhee,,
2379,Jamey-Lyn Horth,-0.7466816274698366,1595.6264590297576
2380,Hailey Cowan,,
2381,Diego Lopes,,
2382,Rolando Bedoya,,
2383,Braxton Smith,,
2384,Ikram Aliskerov,,
2385,Tainara Lisboa,-0.0752091725204086,1806.5214391955378
2386,Jesse Butler,,
2387,Ketlen Souza,-0.21605125340518153,1762.2859867421107
2388,Muin Gafurov,-0.6579543771032146,1623.4937699943484
2389,Muhammad Naimov,-0.19142480124279046,1770.020622916773
2390,Steve Erceg,-0.14650081486296432,1784.130275735301
2391,Austen Lane,-0.2796055042285927,1742.3249706675738
2392,Joshua Van,0.26012141385257254,1911.8415261787568
2393,Chepe Mariscal,-0.2909495388238138,1738.762054671058
2394,Nursulton Ruziboev,,
2395,Westin Wilson,0.49674552458326404,1986.160043299542
2396,Ivana Petrovic,-0.13802070136181757,1786.793696037125
2397,Val Woodburn,-0.21666432440919337,1762.0934343949843
2398,Edgar Chairez,0.46110430176405437,1974.9659058123868
2399,Terrence Mitchell,0.4941248308820533,1985.336940070119
2400,Bassil Hafez,-0.18805468445251347,1771.0791037351637
2401,Viktoriia Dudakova,-0.1328215660652231,1788.4266320230652
2402,Azat Maksum,-0.49149042373869073,1675.7764986220964
2403,Jonny Parsons,,
2404,Mick Parkin,-0.18462228054663424,1772.1571475898531
2405,Shauna Bannon,0.09012309592132228,1858.4487300572432
2406,Daniel Barez,0.6155464568479351,2023.472847523985
2407,Darrius Flowers,-0.45294531161741,1687.8826849539207
2408,Dennis Buzukja,0.24848962243760242,1908.18823198676
2409,Asu Almabayev,-0.3858702833845206,1708.9495010899002
2410,Isaac Dulgarian,1.0378280790266543,2156.1023748818297
2411,Jose Johnson,-0.4344732181170271,1693.6843701364903
2412,Luana Santos,0.6279887610219358,2027.3807062494632
2413,Billy Ray Goff,,
2414,Bogdan Guskov,0.37246472041609646,1947.1261297910628
2415,Yanis Ghemmouri,,
2416,Morgan Charriere,0.06322661455383005,1850.0011267896548
2417,Manolo Zecchini,,
2418,Caolan Loughran,-0.08717779478391492,1802.7623537166496
2419,Nora Cornolle,-0.562240938961882,1653.55529149032
2420,Jacqueline Cavalcanti,,
2421,Felipe dos Santos,0.35272136180073294,1940.9251677219538
2422,Landon Quinones,,
2423,Charles Radtke,,
2424,Kevin Jousset,0.31865896584953857,1930.2269056181613
2425,Kiefer Crosbie,,
2426,Charlie Campbell,0.08141258424144879,1855.7129466689298
2427,Josefine Knutsson,1.0091301297939925,2147.088969507403
2428,Marnic Mann,-0.22708721487297373,1758.8198298540585
2429,Montserrat Rendon,,
2430,Ravena Oliveira,-0.4002749358498005,1704.425311194145
2431,Brendon Marotte,,
2432,Melissa Mullins,-0.08016376040279677,1804.9653102650302
2433,Mohammad Yahya,0.5588068289361174,2005.6521571667342
2434,Shara Magomedov,,
2435,Kaynan Kruschewsky,0.264154844979532,1913.108339688753
2436,Eduarda Moura,-0.03932995697622075,1817.790325051958
2437,Kaue Fernandes,0.05959993437751575,1848.862064958877
2438,Kevin Borjas,,
2439,Payton Talbott,0.7950381317456291,2079.847301812393
2440,Myktybek Orolbai,-0.39212075044666345,1706.9863645272892
2441,Caio Machado,,
2442,Rafael Estevam,-0.2668480791832887,1746.3318020454872
2443,Zachary Reese,0.5434112953642195,2000.816752939272
2444,Rodolfo Bellato,,
2445,Talita Alencar,-0.909837400893956,1544.382758194995
2446,Rayanne dos Santos,,
2447,Shamil Gaziev,0.304573014537233,1925.8028128639044
2448,Jean Silva,0.9270069174326501,2121.29584409409
2449,Tom Nolan,-0.14901845987959075,1783.3395378696862
2450,Felipe Bunes,1.0113885954351969,2147.7983047349258
2451,Ramon Taveras,,
2452,Serhiy Sidey,,
2453,MarQuel Mederos,,
2454,Thomas Petersen,-0.699274290047721,1610.516078718033
2455,Robert Bryczek,,
2456,Carlos Prates,,
2457,Bolaji Oki,-0.45828392111036204,1686.205943138482
2458,Timmy Cuamba,-0.564098628863727,1652.971831257341
2459,Hyder Amil,0.5739745145736839,2010.4159992843329
2460,Carlos Vera,,
2461,Zhang Mingyang,,
2462,Brendson Ribeiro,-0.10121001276169712,1798.3551374409958
2463,Danny Barlow,,
2464,Oban Elliott,-0.0526460563046981,1813.60802616082
2465,Ronaldo Rodriguez,0.4365419600405385,1967.2514053404411
2466,Bekzat Almakhan,,
2467,Vinicius Oliveira,-0.025686555677189325,1822.0754224154377
2468,Benardo Sopaj,0.047026585929252365,1844.9130480601666
2469,AJ Cunningham,,
2470,Abdul-Kareem Al-Selwady,-0.29387495070244335,1737.8432460504323
2471,Michael Page,-0.8293911458519702,1569.6491875718614
2472,Robelis Despaigne,,
2473,Danny Silva,-0.274132625933443,1744.0438834107515
2474,Mitch Ramirez,,
2475,Charalampos Grigoriou,,
2476,Luis Pajuelo,,
2477,Steven Nguyen,,
2478,Daria Zhelezniakova,-0.271274044332135,1744.9417020862109
2479,Andre Lima,-0.0608062195644553,1811.045095312159
2480,Igor Severino,-0.17022847000256136,1776.6779322725708
2481,Connor Matthews,0.5028604205089643,1988.0805998993856
2482,Ibo Aslan,,
2483,Angel Pacheco,,
2484,Valter Walker,,
2485,Victor Hugo,-0.3949520332393458,1706.0971198173904
2486,Pedro Falcao,,
2487,Jean Matsumoto,0.36514622691895066,1944.8275492170612
2488,Cesar Almeida,0.19828592945253815,1892.4203374762824
2489,Dylan Budka,,
2490,Kayla Harrison,,
2491,Jhonata Diniz,-0.5221368228207877,1666.1511272774771
2492,Chris Padilla,,
2493,James Llontop,,
2494,Mauricio Ruffy,,
2495,Dione Barbosa,-0.6817276476215928,1616.0270997273951
2496,Ernesta Kareckaite,-0.35439230703650954,1718.8360528741766
2497,Oumar Sy,,
2498,Tuco Tokkos,-0.5045579050233087,1671.6722852831535
2499,Mitch Raposo,,
2500,Puja Tomar,,
2501,Carli Judice,0.9566751252177623,2130.6139867018414
2502,Julia Polastri,0.4501187356984524,1971.5155770305614
2503,Antonio Trocoli,,
2504,Felipe Lima,-0.6135421974774173,1637.4426753772314
2505,Magomed Gadzhiyasulov,0.06520162665962068,1850.6214353902647
2506,ChangHo Lee,0.28572154787513654,1919.8819747736834
2507,Xiao Long,0.421935755672174,1962.663912349689
2508,Rei Tsuruya,-0.5143704223771086,1668.5903857391702
2509,Fatima Kline,0.14099591378807333,1874.426782225882
2510,Alice Ardelean,,
2511,Jordan Vucenic,0.020572680642009435,1836.6044483704284
2512,Nikolay Veretennikov,,
2513,Quang Le,,
2514,Stephanie Luciano,-0.14512414077971728,1784.5626592997214
2515,Stewart Nicoll,,
2516,Ryan Loder,,
2517,Robert Valentin,,
2518,Mairon Santos,,
2519,Kaan Ofli,,
2520,Jose Daniel Medina,-0.4624934209648084,1684.8838302479717
2521,Wang Cong,,
2522,Nathan Fletcher,-0.1975943916222541,1768.0828879715532
2523,Zygimantas Ramaska,,
2524,Ivan Erslan,-0.3419086794575491,1722.7568903876977
2525,Ramazan Temirov,,
2526,Sean Sharaf,,
2527,Cody Haddon,0.21584441143853195,1897.9350770354147
2528,Lucas Rocha,,
2529,Cameron Smotherman,,
2530,Rafael Cerqueira,,
2531,Carlos Leal,0.11399899903377411,1865.9476350029718
2532,Reinier de Ridder,,
2533,Cortavious Romious,0.20608519134126754,1894.8699170073671
2534,Mansur Abdul-Malik,-0.0731493489520317,1807.1683852428341
2535,Zachary Scroggin,,
2536,Klaudia Sygula,,
2537,Roberto Romero,,
2538,Ozzy Diaz,,
2539,SuYoung You,-0.8011771802222477,1578.5105841608347
2540,Baergeng Jieleyisi,0.2467601548866739,1907.6450436219031
2541,DongHun Choi,,
2542,Kiru Sahota,,
2543,Shi Ming,,
2544,Feng Xiaocan,,
2545,Nyamjargal Tumendemberel,,
2546,Lone'er Kavanagh,,
2547,Jose Ochoa,,
2548,Kai Asakura,,
2549,Navajo Stirling,,
2550,Austin Bashi,-0.6236306080704647,1634.2741237318996
2551,Marco Tulio,,
2552,Jacobe Smith,,
2553,Nicolle Caliari,,
2554,Bruno Lopes,,
2555,Azamat Bekoev,,
2556,Billy Elekana,,
2557,Bogdan Grad,,
2558,Tallison Teixeira,,
2559,Aleksandre Topuria,,
2560,Colby Thicknesse,,
2561,Kody Steele,,
2562,Jonathan Micallef,,
2563,Quillan Salkilld,,
2564,Jose Delgado,,
2565,Elijah Smith,-0.2057223877459366,1765.5300601248462
2566,Julius Walker,,
2567,Nick Klein,-0.5081668185885074,1670.5388035607946
2568,Austin Vanderford,,
2569,Eric McConico,,
2570,Mario Pinto,,
2571,Djorden Santos,,
2572,Diyar Nurgozhay,,
2573,Kevin Vallejos,,
2574,Josias Musasa,,
2575,Yuneisy Duben,,
2576,Alexia Thainara,,
2577,Andrey Pulyaev,,
