id,fighter_id,name,weightclass,wins,losses,draws,currentElo,maxElo,scaled_z_score_composite,currentCombinedScore
0,229,Andrei Arlovski,Heavyweight,24,18,0,1546.225192219299,1822.172806511661,1713.761287285642,1604.862825492519
1,268,Robbie Lawler,Welterweight,15,10,0,1726.9283703813562,1837.5151598006803,1843.0536411612263,1767.5722151543107
2,408,Ed Herman,Middleweight,13,13,0,1545.158018890083,1611.5416754652774,1821.42342932566,1641.8509125425348
3,457,Clay Guida,Lightweight,18,19,0,1516.7010812441413,1678.738031945633,1721.7528823124858,1588.4692116180618
4,581,Matt Brown,Welterweight,17,13,0,1645.074721215023,1729.876447354755,1865.038083184078,1722.0618979041922
5,596,Jon Jones,Light Heavyweight,22,2,0,2098.4185824643887,2098.4185824643887,1802.6876732967332,1994.9127642557091
6,607,Jim Miller,Lightweight,28,17,0,1708.9591844208733,1778.9147331369509,1887.6895335003185,1771.5148065986791
7,612,Rafael Dos Anjos,Lightweight,21,15,0,1707.9586485445263,1849.011405720356,1778.930254315659,1732.798710564423
8,723,Darren Elkins,Lightweight,19,10,0,1664.9065192630555,1746.1888887149978,1766.7298439819322,1700.5446829146622
9,735,Court McGee,Middleweight,11,12,0,1503.8015947069728,1630.6426473118556,1704.1315152927014,1573.9170669119776
10,740,Brad Tavares,Middleweight,15,10,0,1595.4710718869358,1703.7439081366715,1642.4519798645026,1611.9143896790843
11,750,Charles Oliveira,Lightweight,23,11,0,1873.667971526327,1897.7305011573592,1881.3867669491392,1876.3695499243113
12,773,Edson Barboza,Lightweight,18,12,0,1679.4959955990216,1751.6020972508145,1813.112105161931,1726.26163394604
13,777,Michael Johnson,Lightweight,15,15,0,1561.5956353668598,1677.9140063308475,1722.776670080299,1618.0089975165636
14,791,John Makdessi,Lightweight,11,9,0,1553.441488812619,1607.2660779665907,1675.872911672041,1596.2924868134166
15,792,Dustin Poirier,Featherweight,22,9,0,1841.5376781084688,1890.49885190834,1925.196205642254,1870.8181627452936
16,796,Rani Yahya,Featherweight,14,6,1,1628.9637659303148,1704.3179557345209,1809.8873008258245,1692.2870031437433
17,812,Chris Weidman,Middleweight,12,8,0,1679.8751952251955,1979.6315954329168,1751.0626967725975,1704.790820766786
18,827,Chan Sung Jung,Featherweight,7,5,0,1688.7405048100925,1735.9604069679535,1840.17434417994,1741.7423485895392
19,829,Alex Caceres,Featherweight,17,13,0,1598.663871439802,1634.250443058279,1755.800124289114,1653.6615599370612
20,832,Jose Aldo,Featherweight,14,8,0,1782.205273551233,1910.9877010772063,1723.416809924498,1761.6293112818757
21,838,Tony Ferguson,Welterweight,15,9,0,1667.9941195877868,1942.314109910704,1851.5677796964087,1732.2449006258043
22,881,Stipe Miocic,Heavyweight,14,5,0,1942.726219067099,2010.385252303363,1836.7881196288213,1905.6478842637016
23,886,Dustin Jacoby,Middleweight,8,6,1,1604.864964479718,1656.9744173285858,1794.0756123703131,1671.0886912414262
24,893,Cub Swanson,Featherweight,15,10,0,1650.3694593989408,1734.292758882077,1848.7886075337467,1719.8161612461229
25,924,Daniel Pineda,Featherweight,5,9,0,1456.7481823139797,1599.1888210274967,1766.195401473264,1565.0547090197292
26,929,Max Holloway,Featherweight,22,8,0,1926.7158044441023,1962.753042000792,1824.8628431408972,1891.0672679879806
27,932,Stephen Thompson,Welterweight,12,8,1,1686.1715183700085,1792.7813041054894,1670.8197152696878,1680.7983872848963
28,936,Tim Means,Lightweight,15,15,0,1513.0619060784202,1648.5515439437795,1826.7984194547485,1622.8696857601349
29,956,Tim Elliott,Flyweight,9,11,0,1525.2221598360572,1539.4108141963145,1778.229472031933,1613.7747191046137
30,962,Michael Chiesa,Lightweight,13,7,0,1726.6041075300243,1757.1902128568356,1730.95016614984,1728.1252280469598
31,1009,Gunnar Nelson,Catch Weight,10,6,0,1676.067786509237,1714.0274070972516,1828.36612512565,1729.3722050249814
32,1017,Robert Whittaker,Welterweight,17,6,0,1833.7270968588173,1878.4182263663208,1704.3026182781018,1788.4285293555668
33,1030,Vinc Pichel,Lightweight,7,4,0,1598.302731296506,1674.7891093819494,1812.8376744714983,1673.3899614077532
34,1039,King Green,Lightweight,14,12,1,1605.3811704437544,1673.429203880472,1814.2826592987385,1678.4966915429989
35,1045,Neil Magny,Welterweight,22,12,0,1689.7137831108885,1778.9481457154116,1768.7342063692874,1717.3709312513283
36,1051,Kyung Ho Kang,Bantamweight,8,6,0,1574.6076160745542,1649.862948561277,1848.0660708862763,1670.3180752586568
37,1057,Ilir Latifi,Light Heavyweight,9,7,0,1591.724437252543,1667.8723868941404,1660.7463644003974,1615.882111754292
38,1065,Kelvin Gastelum,Middleweight,13,10,0,1669.5560503143488,1767.0198245278166,1705.3493381143871,1682.0837010443624
39,1068,Miesha Tate,Women's Bantamweight,7,6,0,1586.7536604550444,1646.9786948574936,1713.7738251600058,1631.210718101781
40,1082,Jorge Masvidal,Lightweight,12,10,0,1711.359499817534,1772.6295877467262,1716.0697215398309,1713.008077420338
41,1086,Ovince Saint Preux,Light Heavyweight,15,13,0,1560.193644349224,1709.8644770049748,1747.5076472132307,1625.7535453516264
42,1090,Kurt Holobaugh,Featherweight,2,6,0,1413.971480366906,1500.0,1929.0219452125737,1594.2391430628895
43,1104,Anthony Smith,Middleweight,13,11,0,1650.3535728704398,1756.4686288761511,1839.361531326524,1716.5063583300694
44,1111,Jessica Andrade,Women's Bantamweight,17,11,0,1684.6069355319955,1751.1273212480737,2086.3006067095,1825.1997204441218
45,1113,Germaine de Randamie,Women's Bantamweight,7,3,0,1687.409274692894,1725.733869909964,1736.8169274044797,1704.701953141949
46,1117,Amanda Nunes,Women's Bantamweight,16,2,0,1928.579756949108,1946.7088342985808,1938.4848586341789,1932.0465425388827
47,1122,Zak Cummings,Welterweight,10,4,0,1686.234755832714,1686.234755832714,1708.2750617410177,1693.9488629006205
48,1141,Andre Fili,Featherweight,13,11,0,1561.284376998899,1617.1704893921335,1775.9390572146683,1636.4135150744182
49,1146,Santiago Ponzinibbio,Welterweight,12,7,0,1684.0548960718531,1780.315448968016,1751.966925217298,1707.8241062727589
50,1152,Julianna Pena,Women's Bantamweight,8,3,0,1759.59423612932,1759.59423612932,1986.5171305379504,1839.0172491723406
51,1155,Davey Grant,Bantamweight,7,6,0,1589.4765914879008,1596.5958680237254,1843.3672838417424,1678.3383338117453
52,1158,Raquel Pennington,Women's Bantamweight,13,6,0,1706.216441217803,1729.284055111351,1789.5512230436448,1735.3836148568475
53,1163,Drew Dober,Welterweight,13,11,0,1616.966160510071,1683.0884247789006,1809.7883392032345,1684.453923052678
54,1191,Beneil Dariush,Lightweight,16,6,1,1757.7109264819592,1819.0063141492967,1745.8687323973893,1753.5661585523596
55,1195,Kevin Lee,Lightweight,11,8,0,1651.8009704853748,1770.7960722731202,1769.875491971933,1693.1270530056702
56,1203,Douglas Silva de Andrade,Featherweight,7,6,0,1564.9018106561764,1596.7848384887084,1724.81422590495,1620.8711559932472
57,1205,Pedro Munhoz,Bantamweight,12,10,0,1659.9277111147535,1744.2062601618377,1851.7590064173828,1727.0686644706739
58,1206,Aljamain Sterling,Bantamweight,16,5,0,1879.3949476969472,1942.193775719123,1781.4605716369613,1845.117916075952
59,1207,Cody Gibson,Bantamweight,3,6,0,1434.911642890922,1514.5457013393377,1756.849142343479,1547.5897676993168
60,1222,Sean Strickland,Middleweight,16,7,0,1775.3930317743657,1792.3859457986127,1785.70798445258,1779.0032652117407
61,1245,Derrick Lewis,Heavyweight,19,10,0,1728.9101152856356,1818.131322235423,1783.3177628410565,1747.952791930033
62,1250,Aaron Phillips,Featherweight,0,4,0,1358.7141286507149,1500.0,1801.7334173755016,1513.7708797043902
63,1251,Li Jingliang,Welterweight,11,7,0,1646.0720413253923,1712.3269652196775,1829.976872374372,1710.4387321925353
64,1260,Warlley Alves,Middleweight,8,8,0,1509.6429735228724,1695.7900477994604,1854.699987650405,1630.4129284675087
65,1265,Marcos Rogerio de Lima,Heavyweight,11,7,0,1628.945368226943,1630.487175388758,1847.5984942398568,1705.4739623314629
66,1276,Jake Matthews,Lightweight,14,7,0,1661.2898694615026,1667.1888622243816,1757.4012416539124,1694.9288497288462
67,1280,Dan Hooker,Featherweight,14,8,0,1721.0068328709108,1752.6459759812228,1829.5716074179911,1759.0045039623888
68,1284,Diego Ferreira,Lightweight,10,6,0,1679.9126829185138,1754.0685916280906,1856.3580286496365,1741.6685539244068
69,1288,Rob Font,Bantamweight,12,7,0,1730.878066814048,1746.6544079587002,1902.5285437586328,1790.9557337446527
70,1310,Brian Ortega,Featherweight,8,5,0,1733.1563596704982,1780.7190194579712,1904.7598013372428,1793.2175642538589
71,1313,Gilbert Burns,Welterweight,15,8,0,1739.7367822226702,1815.017631705616,1787.3769402730484,1756.4108375403025
72,1328,Colby Covington,Welterweight,12,5,0,1796.8750290599814,1855.632677455648,1742.221735328164,1777.7463762538455
73,1337,Damon Jackson,Lightweight,6,7,1,1529.2539121734162,1618.144255403491,1862.1854996892037,1645.7799678039419
74,1347,Jan Blachowicz,Light Heavyweight,12,8,1,1776.876429370814,1833.3346434042087,1740.4169756965769,1764.115620584831
75,1355,Christos Giagos,Lightweight,6,8,0,1461.6206007449362,1556.575851382261,1723.5112595825915,1553.2823313381155
76,1357,Leon Edwards,Welterweight,15,4,0,1908.0769529597364,1981.6956320545155,1725.275650856249,1844.0964972235158
77,1365,Yair Rodriguez,Featherweight,11,4,0,1782.2089276895726,1851.1123736488064,1725.1429944862834,1762.2358510684214
78,1369,Gabriel Benitez,Featherweight,7,8,0,1467.3249349826517,1613.6034249886045,1897.1490111433784,1617.7633616389062
79,1374,Marlon Vera,Bantamweight,15,9,0,1749.2122312925628,1787.6601957005591,1873.26697609775,1792.6313919743784
80,1378,Dooho Choi,Featherweight,5,3,1,1595.6941736081349,1643.1097469453755,1914.3144405556816,1707.2112670397762
81,1380,Ashlee Evans-Smith,Women's Bantamweight,3,6,0,1402.3674740222302,1548.4930360142575,1937.3203641465063,1589.600985565727
82,1381,Carla Esparza,Women's Strawweight,10,6,0,1671.0376892262373,1740.0341719562052,1701.9470087982895,1681.8559510764555
83,1382,Rose Namajunas,Women's Strawweight,11,6,0,1763.2402469380547,1831.8456312659785,1765.7968186687808,1764.1350470438088
84,1383,Jessica Penne,Women's Strawweight,3,6,0,1411.0460979891322,1540.0,1809.0105859684145,1550.333668781881
85,1389,Joanne Wood,Women's Strawweight,9,8,0,1526.300186043825,1580.0433789699027,1975.725859533591,1683.5991717652432
86,1391,Tecia Pennington,Women's Strawweight,10,7,0,1600.2824773573625,1658.8612126230391,1797.962628522091,1669.4705302650175
87,1395,Angela Hill,Women's Strawweight,13,14,0,1558.735959368345,1558.735959368345,1803.6065662511492,1644.4406717773263
88,1398,Bryan Barberena,Lightweight,9,10,0,1531.2312614321402,1639.709568637049,1847.0527160686613,1641.7687705549226
89,1399,Henry Cejudo,Bantamweight,10,5,0,1816.888583236608,1914.8834932217328,1771.9829227458658,1801.1716020648482
90,1402,Renato Moicano,Featherweight,12,6,0,1737.7204921847483,1753.0310352588524,1824.1855018887973,1767.9832455811654
91,1403,Jake Collier,Middleweight,5,9,0,1406.291234593036,1500.0,1800.1519303428113,1544.1424781054575
92,1404,Cody Garbrandt,Bantamweight,9,6,0,1651.7864606358255,1783.9143279376997,1737.2829241809932,1681.7102228766341
93,1405,Jared Cannonier,Heavyweight,11,8,0,1734.989892105612,1766.964095336208,1797.7244856095977,1756.946999832007
94,1415,Holly Holm,Women's Bantamweight,9,7,0,1608.7753519700177,1687.5603596115384,1806.268662162439,1677.8980105373653
95,1424,Maryna Moroz,Women's Strawweight,6,6,0,1496.7877101460574,1601.688279157063,1808.086493176157,1605.742284206592
96,1432,Taylor Lapilus,Featherweight,6,2,0,1625.442662405034,1625.442662405034,1676.8750085594097,1643.4439835590656
97,1438,Islam Makhachev,Lightweight,16,1,0,2061.93082175515,2061.93082175515,1850.8374668562556,1988.0481475405372
98,1441,Nicolas Dalby,Welterweight,8,4,1,1661.4013569704225,1693.213500629954,1746.044324140921,1691.026395480097
99,1442,Elizeu Zaleski dos Santos,Welterweight,11,5,1,1649.2502886036823,1732.7647311745347,1732.5225008601265,1678.3955628934377
100,1447,Arnold Allen,Featherweight,11,2,0,1786.4194751153725,1815.9442598236008,1705.5348076773053,1758.109841512049
101,1455,Kamaru Usman,Welterweight,15,3,0,1932.827040073187,2045.8264500192809,1839.5389987514689,1900.1762256105856
102,1458,Vicente Luque,Welterweight,16,6,0,1790.4884530296313,1861.875310302,1974.9858776259816,1855.0625516383539
103,1459,Michelle Waterson-Gomez,Women's Strawweight,6,9,0,1461.8038851210445,1626.334156263873,1776.4128548527517,1571.917024527142
104,1479,Joaquim Silva,Lightweight,6,5,0,1533.4875822103927,1621.0194200597653,1802.0506495242987,1627.48465577026
105,1485,Matheus Nicolau,Bantamweight,7,4,0,1569.46238776155,1693.9289417324526,1709.19850360441,1618.370028306551
106,1497,Danny Roberts,Welterweight,7,7,0,1493.0704392145376,1595.2417461718412,1761.402384912728,1586.9866202089042
107,1502,Julian Erosa,Lightweight,8,7,0,1570.312369711647,1570.312369711647,1901.110492338739,1686.0917126311292
108,1507,Karolina Kowalkiewicz,Women's Strawweight,9,9,0,1520.8347295914916,1620.623714308654,1971.3844622868407,1678.5271360348638
109,1508,Valentina Shevchenko,Women's Bantamweight,13,3,1,1866.2533196209847,1899.0508263937809,1822.2047185937583,1850.8363092614554
110,1511,Alex Morono,Welterweight,14,9,0,1582.7284576795942,1696.7242006437452,1819.262386838844,1665.5153328853316
111,1518,Randy Brown,Welterweight,13,6,0,1720.5727763437276,1745.165369332237,1790.0766982920106,1744.8991490256267
112,1522,Mickey Gall,Welterweight,6,7,0,1449.417625675119,1633.0516891237185,1850.0151647628625,1589.6267643558294
113,1532,Curtis Blaydes,Heavyweight,13,6,0,1779.9188275270722,1821.74301633688,1917.6383570898204,1828.1206628740338
114,1533,Marcin Tybura,Heavyweight,14,8,0,1703.244629768933,1703.244629768933,1738.5831035845756,1715.613095604408
115,1535,Damir Hadzovic,Lightweight,4,6,0,1466.3588052448335,1583.8955714544925,1823.3546371992263,1591.307346428871
116,1543,Josh Emmett,Lightweight,10,4,0,1745.2131174225087,1771.974895448453,1778.0746155421791,1756.7146417643935
117,1550,Ion Cutelaba,Light Heavyweight,8,9,1,1534.669820235057,1592.346426470149,1809.845124608204,1630.9811767656583
118,1552,Belal Muhammad,Welterweight,15,4,0,1874.8192218143936,1874.8192218143936,1660.4919082727397,1799.8046620748148
119,1554,Khalil Rountree Jr.,Light Heavyweight,10,6,0,1656.7371097436,1676.4201840744956,1781.395996084193,1700.3677199628075
120,1555,Tatiana Suarez,Women's Strawweight,7,1,0,1751.0759960812302,1776.9926686132749,1859.4759603189143,1789.0159835644197
121,1560,Lando Vannata,Lightweight,4,7,2,1465.9286351915086,1538.8838823805131,1750.9003951598052,1565.6687511804125
122,1561,Katlyn Cerminara,Women's Bantamweight,11,6,0,1642.0473882397737,1690.452324352053,1778.8069128346128,1689.9132218479674
123,1564,Devin Clark,Middleweight,8,9,0,1476.421228834134,1550.4590098908973,1779.1210347921556,1582.3661609194414
124,1573,Chase Sherman,Heavyweight,4,11,0,1361.0153497735864,1500.0,,
125,1577,Max Griffin,Welterweight,8,9,0,1588.3523585711755,1614.3698871975016,1712.9253669726106,1631.9529115116777
126,1578,Marvin Vettori,Middleweight,9,6,1,1681.554982020921,1730.9107730274754,1756.3114529606955,1707.719746849842
127,1584,Veronica Hardy,Women's Bantamweight,4,5,0,1506.523713909211,1542.147612812983,1897.4131684192496,1643.3350229877246
128,1586,Jack Hermansson,Middleweight,11,6,0,1686.7355175747678,1723.0345348445694,1775.2378043959698,1717.7113179621886
129,1590,Ricky Glenn,Lightweight,4,6,1,1473.348041920506,1584.476539539039,1703.2878423504635,1553.8269720709911
130,1595,Brandon Moreno,Flyweight,10,5,2,1779.784107626978,1831.8405921131791,1808.15334831334,1789.7133418672047
131,1597,Ketlen Vieira,Women's Bantamweight,8,4,0,1614.6387726581877,1652.861275816274,1702.4807957875155,1645.3834807534524
132,1598,Marc Diakiese,Lightweight,8,7,0,1515.256578939974,1617.484470593994,1767.3750683129715,1603.498050220523
133,1601,Claudio Puelles,Lightweight,5,3,0,1571.981511455877,1653.5808592814794,1773.705990371618,1642.5850790763864
134,1602,Alexa Grasso,Women's Strawweight,8,4,1,1717.9838770123995,1737.944153998123,1776.022403134153,1738.2973611550133
135,1603,Alexander Volkov,Heavyweight,12,5,0,1789.7981794766752,1811.4132034276413,1798.7792943795416,1792.9415696926783
136,1608,Abdul Razak Alhassan,Welterweight,7,7,0,1505.822880967707,1634.9107412132587,1944.029409138836,1659.195165827602
137,1612,Alexander Volkanovski,Lightweight,13,3,0,1926.2530931497884,2015.439051002733,1853.8530214845916,1900.9130680669696
138,1613,Tyson Pedro,Light Heavyweight,6,5,0,1536.7192073221893,1594.1444972846282,,
139,1615,Matt Schnell,Bantamweight,7,7,0,1495.9054613102212,1611.5068081436254,1847.0641608215888,1618.8110061392
140,1618,Ashley Yoder,Women's Strawweight,3,8,0,1373.3485990070242,1500.0,1765.343892889413,1510.5469518658601
141,1620,Gerald Meerschaert,Middleweight,12,10,0,1582.0198980422415,1630.714945199133,1781.6130141683725,1651.8774886863873
142,1623,JJ Aldrich,Women's Strawweight,10,6,0,1568.7728551708144,1608.97844854322,1730.1994029718785,1625.2721469011867
143,1626,Paul Craig,Light Heavyweight,9,9,1,1571.4734993115742,1676.9429377663562,1734.5432656294597,1628.547917522834
144,1627,Irene Aldana,Women's Bantamweight,8,6,0,1643.1761989229633,1669.2121597290354,1828.5511193745565,1708.057421081021
145,1628,Niko Price,Welterweight,8,10,0,1527.5170568383182,1621.647819669536,1858.084697388795,1643.215731030985
146,1629,Drakkar Klose,Lightweight,9,3,0,1674.0570333986657,1716.352126669662,1729.1882507200455,1693.3529594611487
147,1634,Alexandre Pantoja,Flyweight,13,3,0,1835.0951011962304,1835.0951011962304,1921.1356596012304,1865.2092966379805
148,1636,Volkan Oezdemir,Light Heavyweight,8,7,0,1639.6091062670637,1672.5563280620609,1738.3983626229174,1674.1853459916124
149,1638,Ricardo Ramos,Bantamweight,8,6,0,1527.9388617182572,1634.8111562541194,1789.8609228088976,1619.6115830999813
150,1639,Gavin Tucker,Featherweight,4,3,0,1529.7851760212232,1622.1412679466985,2160.083260415054,1750.389505559064
151,1641,Aiemann Zahabi,Bantamweight,6,2,0,1663.4337112609562,1663.4337112609562,1714.7572198068367,1681.3969392520144
152,1642,Cynthia Calvillo,Women's Strawweight,6,6,1,1482.7838407658105,1659.9798584799237,1728.6652372275134,1568.8423295274065
153,1646,Paulo Costa,Middleweight,6,4,0,1661.5843994023091,1734.6967565692496,1888.202842870792,1740.9008546162781
154,1647,Lucie Pudilova,Women's Bantamweight,3,8,0,1373.992448046875,1542.1038821083118,1727.5743033387666,1497.7460973990371
155,1656,Brian Kelleher,Bantamweight,8,9,0,1472.6070754825578,1619.115363301177,1853.1379533128104,1605.7928827231462
156,1657,Deiveson Figueiredo,Flyweight,13,4,1,1822.134434860145,1854.029124511163,1771.9431472595538,1804.567484199938
157,1665,Ji Yeon Kim,Women's Bantamweight,3,7,0,1378.195550527662,1544.6090524647027,1892.9328751119428,1558.3536141321601
158,1666,Dominick Reyes,Light Heavyweight,8,4,0,1688.8786853007414,1757.7933569467991,1805.1866380878043,1729.5864687762137
159,1667,Jared Gordon,Featherweight,8,7,0,1570.6606645381776,1605.756493537978,1935.4416669467107,1698.3340153811641
160,1669,Justin Gaethje,Lightweight,9,5,0,1811.195939309585,1823.012696765888,1936.8517671532425,1855.175479054865
161,1672,Cody Stamann,Featherweight,7,7,1,1516.3328793983069,1666.831421823532,1744.8658328818092,1596.3194131175328
162,1674,Trevin Giles,Light Heavyweight,7,7,0,1479.0788036378672,1628.4244660758525,1708.7769881177287,1559.4731682058186
163,1681,Amanda Lemos,Women's Bantamweight,9,4,0,1687.1451030231256,1703.5873892811378,1905.5397064123456,1763.5832142093527
164,1682,Eryk Anders,Middleweight,10,8,0,1595.4330095699638,1600.642562904256,1741.5912559848955,1646.5883958151899
165,1685,Calvin Kattar,Featherweight,7,7,0,1622.742079550816,1725.4218703572278,1922.756549243396,1727.747143943219
166,1693,Aleksandar Rakic,Light Heavyweight,6,4,0,1624.5688611760002,1715.3165461300978,1760.8547589163672,1672.2689253851286
167,1698,Alex Reyes,Welterweight,0,3,0,1388.467100114205,1500.0,,
168,1708,Nasrat Haqparast,Lightweight,10,4,0,1683.1980863376666,1683.1980863376666,1781.549977580685,1717.621248272723
169,1714,Jessica-Rose Clark,Women's Flyweight,4,5,0,1421.2440618256728,1578.3353698501603,1767.8993200612567,1542.5734022081272
170,1715,Shane Young,Catch Weight,2,5,0,1393.8463895529012,1549.2216864671095,1818.02011655508,1542.3071940036639
171,1716,Tai Tuivasa,Heavyweight,8,8,0,1576.2383009906307,1724.3960388986034,,
172,1720,Muslim Salikhov,Welterweight,8,4,0,1676.3867916741417,1697.63660074357,1640.5386280352905,1663.8399344005438
173,1722,Song Kenan,Welterweight,6,5,0,1512.8648311824395,1610.4027877004726,1812.047704732328,1617.5788369249003
174,1723,Yan Xiaonan,Women's Strawweight,9,3,0,1693.9164265083673,1693.9164265083673,1820.7845272406933,1738.3202617646814
175,1724,Song Yadong,Featherweight,11,3,1,1779.677902446908,1779.677902446908,1760.3083287609818,1772.898551656834
176,1730,Sean O'Malley,Bantamweight,10,3,0,1811.3121005675423,1842.0818184323923,1977.7108454120228,1869.5516612631104
177,1734,Montana De La Rosa,Women's Flyweight,6,5,1,1542.163292047616,1634.5752251112217,1764.2253276785582,1619.8850045184458
178,1740,Gillian Robertson,Women's Flyweight,12,6,0,1645.8759471500566,1645.8759471500566,1813.6973462702729,1704.6134368421324
179,1745,Alex Perez,Bantamweight,7,5,0,1603.4970623172037,1688.4234944635778,1839.2142575544715,1685.9980806502474
180,1746,Merab Dvalishvili,Bantamweight,12,2,0,1882.7518701314389,1882.7518701314389,1697.77265995799,1818.009146570732
181,1747,Julian Marquez,Middleweight,3,5,0,1392.3409081159652,1578.8122059491084,1960.0559168256973,1591.0411611643715
182,1748,Michal Oleksiejczuk,Light Heavyweight,7,8,0,1531.6681450471951,1614.8392482706672,1835.599852903606,1638.044242796939
183,1750,Matt Frevola,Lightweight,5,5,1,1545.7415122819652,1621.9647368212168,1752.5999494211362,1618.141965280675
184,1752,Julio Arce,Featherweight,6,4,0,1581.025278659583,1581.025278659583,1721.9118374776206,1630.3355742458962
185,1753,Dan Ige,Featherweight,10,8,0,1638.4158329676,1700.5644980002576,1766.9112112937175,1683.3892153817412
186,1755,Cory Sandhagen,Featherweight,10,4,0,1790.7769788195667,1826.838895159177,1842.385623048665,1808.840004299751
187,1757,Priscila Cachoeira,Women's Flyweight,5,6,0,1504.9802786034047,1533.0255068034048,1790.6121962010438,1604.9514497625782
188,1758,Polyana Viana,Women's Strawweight,4,6,0,1443.476857519624,1548.0,1875.9679294499704,1594.8487326952454
189,1760,Israel Adesanya,Middleweight,13,5,0,1840.836297131304,1979.5060790466484,1653.785401469588,1775.3684836497034
190,1763,Geoff Neal,Welterweight,8,4,0,1724.098732861318,1747.932590403536,1814.2284577935125,1755.6441365875862
191,1765,Marcin Prachnio,Light Heavyweight,4,6,0,1438.2496298084243,1500.0,1813.601388622468,1569.6227453933395
192,1767,Yana Santos,Women's Featherweight,5,5,0,1524.359092926388,1586.6266677539777,1884.9090111423932,1650.5515643019899
193,1768,Mackenzie Dern,Women's Strawweight,10,5,0,1651.4150690883473,1672.6323906534612,1772.0121448305622,1693.6240455981224
194,1769,Alexander Hernandez,Lightweight,8,7,0,1569.1624817216689,1642.648763681975,1800.8446701429234,1650.251247669108
195,1772,Hakeem Dawodu,Featherweight,6,4,0,1571.7750068001474,1644.829884916922,1761.0732113820477,1638.0293784038126
196,1773,Magomed Ankalaev,Light Heavyweight,13,1,1,1906.789086240169,1906.789086240169,1726.2688010503473,1843.6069864237315
197,1779,Ricky Simon,Bantamweight,9,5,0,1664.067128539126,1740.023659159048,1782.190407909727,1705.4102763188364
198,1780,Andrea Lee,Women's Flyweight,5,9,0,1437.3493498486237,1614.2013401977429,1740.6574611143308,1543.507188791621
199,1783,Molly McCann,Women's Flyweight,7,7,0,1468.3245424394331,1594.9469920976785,1918.9121716789948,1626.0302126732797
200,1786,Nathaniel Wood,Bantamweight,9,3,0,1664.6359495903046,1664.6359495903046,1873.7355604784916,1737.8208134011702
201,1789,Petr Yan,Bantamweight,10,4,0,1790.8715417913568,1825.892640274128,1812.511214895828,1798.4454273779218
202,1793,Brad Katona,Featherweight,4,4,0,1492.0311832923762,1592.62833939233,1801.5660475926184,1600.368385797461
203,1799,Bryce Mitchell,Featherweight,8,2,0,1682.9321096635013,1706.9414265047074,1865.5200144889527,1746.8378763524092
204,1801,Blagoy Ivanov,Heavyweight,3,5,0,1526.6867348970682,1588.193648860411,1637.9093993654976,1565.6146674610186
205,1802,Said Nurmagomedov,Flyweight,7,3,0,1655.8370101461142,1708.8796012950434,1760.5269097507612,1692.4784750077406
206,1803,Raoni Barcelos,Featherweight,8,4,0,1612.7054514609094,1685.506883201357,1868.1054797756867,1702.0954613710815
207,1804,Jennifer Maia,Women's Flyweight,6,6,0,1566.4197060777483,1599.670549376411,1792.1585416008577,1645.4282985108366
208,1806,Abu Azaitar,Middleweight,1,2,0,1444.9172908379562,1543.0323758966065,1867.9003354256488,1592.9613564436486
209,1812,Kevin Holland,Middleweight,15,10,0,1661.8728192515937,1734.518307313969,1807.0369488095043,1712.6802645968623
210,1813,Montel Jackson,Bantamweight,8,2,0,1717.4891302512503,1717.4891302512503,1890.7467753910885,1778.1293060501937
211,1815,Zhang Weili,Women's Strawweight,10,2,0,1886.909365336272,1886.909365336272,1865.715225128508,1879.4914162635546
212,1822,Marina Rodriguez,Women's Strawweight,7,5,2,1593.7550433237477,1700.241804021965,1764.6848850557494,1653.5804879299485
213,1823,Ryan Spann,Light Heavyweight,8,6,0,1578.3335798008118,1695.417920855362,1767.596418690958,1644.5755734123632
214,1825,Mayra Bueno Silva,Women's Flyweight,5,6,1,1512.6856905773484,1620.5173707279805,1798.9546314715603,1612.8798198903226
215,1828,Jalin Turner,Welterweight,7,6,0,1592.8955994501707,1682.2768025393996,1895.4165040976116,1698.777916076775
216,1829,Jonathan Martinez,Bantamweight,10,5,0,1680.5272879177537,1736.7094906504665,1883.282556598276,1751.4916319559366
217,1833,Thiago Moises,Lightweight,8,6,0,1606.17387983639,1614.721583944918,1809.5076354657383,1677.340694306662
218,1834,Maycee Barber,Women's Strawweight,9,2,0,1733.7796691250624,1733.7796691250624,1858.487845933917,1777.4275310081614
219,1838,Johnny Walker,Light Heavyweight,7,7,0,1596.5505427229757,1679.7855533428674,1855.668068014288,1687.2416765749351
220,1843,Sergei Pavlovich,Heavyweight,7,3,0,1736.7633987162458,1779.6930796657691,1917.8128986905176,1800.130723707241
221,1844,Vince Morales,Bantamweight,3,7,0,1420.205109514242,1522.1793005994252,1756.4686905159956,1537.8973628648557
222,1846,Sumudaerji,Bantamweight,3,4,0,1449.727405533394,1563.887885363934,1832.815312597656,1583.8081730058857
223,1849,Macy Chiasson,Women's Featherweight,8,3,0,1656.0467953404063,1656.0467953404063,1943.6273154221367,1756.6999773690118
224,1850,Pannie Kianzad,Women's Featherweight,5,6,0,1489.337729172914,1582.14338596377,1931.131871822414,1643.965679100239
225,1851,Edmen Shahbazyan,Middleweight,7,5,0,1568.2269598081389,1670.9990948937511,1779.2845089654784,1642.0971020132079
226,1857,Julija Stoliarenko,Women's Featherweight,2,6,0,1407.7441117076737,1500.0,1670.9191043591022,1499.8553591356736
227,1858,Roosevelt Roberts,Lightweight,5,5,0,1492.4942397437164,1617.2369971689034,1844.4202154319144,1615.6683312345858
228,1859,Chris Gutierrez,Bantamweight,9,3,1,1700.1284733551222,1721.5296895563472,1739.9939035783616,1714.081373933256
229,1860,Sodiq Yusuff,Featherweight,6,3,0,1617.335626119252,1700.593463217835,1887.1115939840572,1711.7572148719337
230,1862,Jimmy Crute,Light Heavyweight,4,4,2,1528.986673752703,1641.160846513453,1892.511895858693,1656.2205014897995
231,1863,Kai Kara-France,Flyweight,8,4,0,1642.7239505228845,1667.0928335740746,1734.215738233517,1674.746076221606
232,1864,Damir Ismagulov,Lightweight,5,2,0,1601.8549599502771,1657.922648064647,1652.7982725372835,1619.6851193557293
233,1866,Kyle Nelson,Lightweight,4,5,1,1519.8041051659764,1553.1318965303913,1755.2013697922846,1602.1931477851842
234,1872,Ariane da Silva,Women's Flyweight,6,7,0,1511.1518044414988,1565.132240783042,1861.665729276834,1633.8316781338663
235,1873,Alonzo Menifield,Light Heavyweight,9,5,1,1621.7829072508894,1679.558992827436,1766.7440827710288,1672.5193186829383
236,1875,Mario Bautista,Bantamweight,9,2,0,1743.6015949278135,1743.6015949278135,1888.0335075563107,1794.1527643477875
237,1878,Anthony Hernandez,Middleweight,8,2,0,1759.4402652336196,1759.4402652336196,1912.782884860446,1813.1101821030088
238,1879,Taila Santos,Women's Flyweight,4,3,0,1591.4292943118007,1628.6994778671474,1753.5223321308297,1648.1618575484608
239,1880,Jairzinho Rozenstruik,Heavyweight,9,6,0,1676.014252656919,1723.5710777122256,1703.1014874720163,1685.494784842203
240,1887,Kron Gracie,Featherweight,1,3,0,1451.7577571794247,1552.268996438716,,
241,1889,Ismail Naurdiev,Welterweight,3,2,0,1568.250034301686,1568.250034301686,1612.9368761154496,1583.8904289365032
242,1890,Joel Alvarez,Lightweight,7,2,0,1722.3398873364245,1722.3398873364245,1945.6304553391628,1800.491586137383
243,1892,Grant Dawson,Featherweight,11,1,1,1795.27869600442,1795.27869600442,1883.069402488879,1826.0054432739807
244,1898,Kennedy Nzechukwu,Light Heavyweight,8,5,0,1609.8585405919027,1623.320945567059,1788.9653298306043,1672.5459168254483
245,1904,Arman Tsarukyan,Lightweight,9,2,0,1808.3921791165408,1808.3921791165408,1756.3297348260194,1790.1703236148583
246,1906,Movsar Evloev,Featherweight,9,0,0,1820.8777897863324,1820.8777897863324,1765.6324679594427,1801.541927146921
247,1907,SeungWoo Choi,Featherweight,4,7,0,1404.4682529299278,1549.324675577835,1808.185732494804,1545.7693707776343
248,1909,Rafael Fiziev,Lightweight,6,4,0,1641.5310803385953,1736.452669183954,1809.319433136006,1700.257003817689
249,1911,Takashi Sato,Welterweight,2,5,0,1425.4830957742986,1560.3990741861353,1703.9853176597342,1522.958873434201
250,1912,Virna Jandiroba,Women's Strawweight,7,3,0,1693.2681608896105,1693.2681608896105,1664.43980432921,1683.1782360934703
251,1913,Mike Davis,Lightweight,4,2,0,1589.3137322497553,1621.8930297277363,1884.8766385323024,1692.760749448647
252,1914,Serghei Spivac,Heavyweight,8,5,0,1658.5283610607487,1692.2915970625145,1833.670917875787,1719.8282559460122
253,1915,Marc-Andre Barriault,Middleweight,6,8,0,1464.0360260959085,1568.2024143442195,1844.5660650271616,1597.221539721847
254,1918,Luana Carolina,Women's Flyweight,6,3,0,1561.7646838309663,1561.7646838309663,1753.3220237765513,1628.809752811921
255,1920,Viviane Araujo,Women's Bantamweight,7,5,0,1596.841567431702,1610.0811849801644,1791.0209351666808,1664.8043461389445
256,1923,Austin Hubbard,Lightweight,4,6,0,1453.321605666872,1526.6361237954566,1742.0680057102022,1554.3828456820374
257,1924,Charles Jourdain,Lightweight,7,7,1,1559.350380980895,1586.5782971970957,1874.734254031948,1669.7347365487635
258,1925,Michel Pereira,Welterweight,9,3,0,1715.3731148950617,1761.571762173117,1769.395545021719,1734.2809654393918
259,1934,Journey Newson,Bantamweight,1,5,0,1372.548187879634,1500.0,1659.0592989298311,1472.8270767472031
260,1937,Amanda Ribas,Women's Strawweight,7,5,0,1581.3836361797487,1662.8024704393683,1776.1211695280335,1649.5417728516484
261,1939,Julia Avila,Women's Bantamweight,3,3,0,1491.7682030350186,1571.3532970126105,1836.357464208912,1612.3744444458812
262,1940,Wellington Turman,Middleweight,3,6,0,1431.581099898891,1515.7391059458655,1770.156694789703,1550.082558110675
263,1948,Hannah Goldy,Women's Flyweight,1,4,0,1399.4002778251063,1500.0,1807.1557617008516,1542.114697181617
264,1950,Rodolfo Vieira,Middleweight,5,3,0,1586.3046786065634,1619.322797654943,1827.085342687771,1670.5779110349858
265,1951,Ciryl Gane,Heavyweight,10,2,0,1872.171750641863,1872.171750641863,1764.7828077109398,1834.58562061604
266,1955,Mizuki,Women's Flyweight,2,1,0,1528.856120831032,1541.3942593045033,1788.911052401748,1619.8753468807827
267,1956,JunYong Park,Middleweight,8,3,0,1646.3202973874966,1649.4323222386588,1847.9673072371056,1716.8967508348599
268,1957,Da Woon Jung,Light Heavyweight,4,4,1,1504.341910419011,1666.6142349034517,1724.1129417421,1581.261771382092
269,1959,Alatengheili,Bantamweight,5,2,1,1598.805692656495,1601.5335879758177,1743.8313347441813,1649.5646673871852
270,1960,Batgerel Danaa,Bantamweight,3,4,0,1469.1385622048044,1586.0816258184195,1864.9388016307016,1607.6686460038684
271,1961,Karol Rosa,Women's Bantamweight,7,4,0,1564.400500249123,1626.081679456668,2033.0627074550216,1728.4322727711876
272,1963,Lerone Murphy,Featherweight,7,0,1,1756.550243484641,1756.550243484641,1866.1002710158452,1794.8927531205627
273,1965,Ottman Azaitar,Lightweight,2,3,0,1448.5648697418735,1602.4184197012007,,
274,1966,Fares Ziam,Lightweight,7,2,0,1675.747904526595,1675.747904526595,1694.0458007205834,1682.152168194491
275,1968,Miles Johns,Bantamweight,6,4,0,1551.8185102950122,1584.727874140004,1652.190457432317,1586.948691793069
276,1972,Ariane Carnelossi,Women's Strawweight,3,2,0,1541.297643134549,1542.9480809181905,2113.9385600586847,1741.7219640579965
277,1973,Tyson Nam,Flyweight,3,5,0,1478.3847059291004,1555.6973004696242,,
278,1974,Mark Madsen,Lightweight,4,2,0,1570.8567373072344,1660.2048170383628,1802.712114618265,1652.0061193660952
279,1975,Makhmud Muradov,Middleweight,4,3,0,1543.9036672123016,1631.392048050138,1892.9798144460244,1666.0803187441047
280,1976,Giga Chikadze,Featherweight,8,2,0,1711.2288773279265,1755.1196584647369,1693.7958120249573,1705.1273044718873
281,1977,Jack Shore,Bantamweight,6,3,0,1573.9266715332722,1670.0715846167543,1861.6222759829743,1674.6201330906679
282,1979,Justin Tafa,Heavyweight,4,6,0,1463.1573378511368,1534.3782646028976,,
283,1982,Jamie Mullarkey,Lightweight,5,6,0,1478.9751387441663,1570.3071533462798,1763.252449810342,1578.4721976173278
284,1983,Zarah Fairn,Women's Featherweight,0,4,0,1363.6817137609346,1500.0,,
285,1984,Bruno Silva,Bantamweight,8,10,0,1526.328625416504,1628.1538405045353,1843.046030131341,1637.1797170666969
286,1985,Miguel Baeza,Welterweight,3,4,0,1476.520499939051,1646.3456200557628,,
287,1987,Jonathan Pearce,Lightweight,5,4,0,1546.4915361448395,1676.1563878796455,1866.75693960474,1658.5844273558046
288,1988,Diana Belbita,Women's Flyweight,2,5,0,1394.936787554589,1500.0,1832.882620746043,1548.217829171598
289,1989,Sean Woodson,Featherweight,7,1,1,1681.8190379363875,1681.8190379363875,1730.4047795334798,1698.82404749537
290,1990,Sean Brady,Welterweight,8,1,0,1813.0001835954367,1813.0001835954367,1807.5619426314645,1811.0967992580463
291,1991,Brendan Allen,Middleweight,12,4,0,1751.0243407068365,1811.63299191601,1866.709618657802,1791.5141879896744
292,1992,Tanner Boser,Heavyweight,5,5,0,1510.0123640370164,1587.0765374481891,1742.7661895054025,1591.4762029509516
293,1993,Don'Tale Mayes,Heavyweight,5,6,0,1478.9817876090212,1559.5666671505644,1780.3361157997952,1584.455802475792
294,1994,Loma Lookboonmee,Women's Strawweight,6,2,0,1609.4522709847506,1609.4522709847506,1739.8636167416698,1655.0962419996722
295,1996,Roman Kopylov,Middleweight,6,3,0,1645.0176220600963,1645.0176220600963,1763.1704042227734,1686.3710958170332
296,1997,Abubakar Nurmagomedov,Welterweight,2,2,0,1500.3597228741746,1521.3017588692287,1500.0,1500.2338198682137
297,1998,Andre Muniz,Middleweight,6,2,0,1661.8462488748817,1722.766372153799,1748.4099232279364,1692.1435348984508
298,2001,Tracy Cortez,Women's Bantamweight,5,1,0,1640.928716590505,1665.1654620933484,1741.7043539523766,1676.20018966716
299,2002,Billy Quarantillo,Featherweight,6,5,0,1535.5682258587944,1633.4334247269635,2000.5711442368035,1698.3192472910976
300,2004,Joe Solecki,Lightweight,5,4,0,1548.0871206302556,1649.2791321445973,1822.089753289879,1643.988042061124
301,2006,Chase Hooper,Featherweight,7,3,0,1638.3341375843106,1638.3341375843106,1980.9946868225347,1758.2653298176892
302,2007,Punahele Soriano,Middleweight,5,4,0,1544.918319326351,1596.0505979600437,2039.1982733596576,1717.9163032380084
303,2009,Ode Osbourne,Bantamweight,4,6,0,1421.5435207549554,1531.3059655039635,1694.2014273334742,1516.973788057437
304,2010,Aleksa Camur,Light Heavyweight,1,3,0,1421.2393273681694,1542.457349772978,1800.986084492147,1554.1506923615616
305,2011,Jamahal Hill,Light Heavyweight,7,3,0,1697.969303615647,1779.449462850797,1862.8715110631351,1755.6850762222678
306,2013,Herbert Burns,Featherweight,2,4,0,1413.171470933171,1602.3955464180542,1907.3578875629476,1586.1367167535927
307,2014,Nate Landwehr,Featherweight,5,4,0,1553.646887959682,1600.341539450179,1940.430649845388,1689.021204619679
308,2015,Khaos Williams,Welterweight,6,3,0,1637.043289748578,1685.3842949244754,,
309,2016,Youssef Zalal,Featherweight,7,3,1,1640.5863144192776,1640.5863144192776,1712.6656050872527,1665.8140661530688
310,2017,Austin Lingo,Featherweight,2,3,0,1456.2931935067145,1540.173941161173,1793.645715749792,1574.3665762917917
311,2019,Daniel Rodriguez,Welterweight,8,4,0,1648.8256089616175,1731.1829849931785,1971.1601882061263,1761.6427116971956
312,2021,Josh Culibao,Lightweight,3,4,1,1484.564575110759,1583.50654228966,1650.3872044878544,1542.6024953927424
313,2022,Norma Dumont,Women's Featherweight,8,2,0,1711.5158171392618,1711.5158171392618,1853.2294374169608,1761.1155842364565
314,2024,Kyler Phillips,Bantamweight,6,2,0,1652.6524726005566,1684.7767660715035,1797.539358743088,1703.3628827504426
315,2025,Steve Garcia,Lightweight,6,2,0,1675.7748481324725,1675.7748481324725,1882.3579572948724,1748.0789363393126
316,2026,TJ Brown,Featherweight,3,5,0,1442.2966925687606,1507.5575797107938,1955.6532665553368,1621.9714934640624
317,2029,Jamall Emmers,Featherweight,3,4,0,1477.7109463411375,1517.4195995946027,1758.3493953168063,1575.9344034826215
318,2030,David Dvorak,Flyweight,3,3,0,1495.3993199817755,1608.238953524742,1716.4251512830158,1572.7583609372095
319,2031,Philipe Lins,Heavyweight,4,2,0,1592.8503247099115,1592.8503247099115,1698.921350403929,1629.9751837028175
320,2034,Rodrigo Nascimento,Heavyweight,4,4,0,1525.4986066652125,1586.2990303131671,1784.7950737675224,1616.2523701510208
321,2035,Gabe Green,Welterweight,2,3,0,1480.5093825813187,1556.3550884232886,1906.6251029002208,1629.6498846929344
322,2036,Brandon Royval,Flyweight,7,3,0,1708.5295086282592,1708.5295086282592,1844.1736236244765,1756.0049488769355
323,2037,Mariya Agapova,Women's Flyweight,2,4,0,1421.3505293961614,1540.1939794683171,1872.4165146331695,1579.2236242291142
324,2047,Jinh Yu Frey,Women's Strawweight,2,6,0,1368.5249993501516,1500.0,1647.644812429302,1466.2169339278544
325,2048,Jiri Prochazka,Light Heavyweight,5,2,0,1751.0657974336204,1751.0657974336204,1961.897089973439,1824.856749822557
326,2050,Maxim Grishin,Heavyweight,2,3,0,1484.9093703528488,1519.8395416405162,1629.8475505396498,1535.6377334182291
327,2051,Zhalgas Zhumagulov,Flyweight,1,6,0,1352.8599611285647,1500.0,1808.774743721296,1512.4301350360206
328,2053,Khamzat Chimaev,Middleweight,8,0,0,1869.0957480098728,1869.0957480098728,1857.3051066909825,1864.969023548261
329,2054,Modestas Bukauskas,Light Heavyweight,5,4,0,1549.7922452928435,1550.0,1780.1511880166524,1630.4178752461767
330,2056,Roman Dolidze,Light Heavyweight,9,3,0,1744.3997935429595,1744.3997935429595,1831.5686109774224,1774.9088796450214
331,2057,Amir Albazi,Bantamweight,5,1,0,1658.588580445251,1686.178575707981,1731.2415305606492,1684.0171129856403
332,2058,Malcolm Gordon,Bantamweight,2,5,0,1390.619139235181,1510.2173590745929,1738.9799842488828,1512.5454349899765
333,2060,Rhys McKee,Welterweight,0,4,0,1370.2133220448943,1500.0,,
334,2061,Jai Herbert,Lightweight,3,5,1,1474.9424370908423,1500.0,1759.2640705256442,1574.455008793023
335,2062,Tom Aspinall,Heavyweight,8,1,0,1863.863678510532,1863.863678510532,2140.255013068283,1960.6006456057448
336,2064,John Castaneda,Bantamweight,4,3,0,1566.5492075856162,1598.5918689915254,1891.9881313000076,1680.4528308856532
337,2065,Nate Maness,Featherweight,5,2,0,1601.5955040016208,1629.1241100531388,1838.8344403933577,1684.6291317387288
338,2066,Johnny Munoz,Featherweight,2,4,0,1432.3178704262682,1507.548739921647,1583.7386434934365,1485.3151409997772
339,2068,Cody Durden,Bantamweight,6,5,1,1524.713083178801,1594.8262229408838,1859.0496882082343,1641.7308949391027
340,2069,Joaquin Buckley,Middleweight,11,4,0,1780.2188418720923,1780.2188418720923,1723.9146081034935,1760.5123600530828
341,2070,Alexander Munoz,Lightweight,1,2,0,1475.173473016761,1500.0,,
342,2074,Chris Daukaus,Heavyweight,4,4,0,1537.176230087145,1689.7830136295688,,
343,2075,Parker Porter,Heavyweight,4,4,0,1465.337312787215,1559.2917521551624,1819.483170636078,1589.2883630343172
344,2079,Matthew Semelsberger,Welterweight,5,6,0,1473.1185251577333,1626.7995557781437,1842.650424725783,1602.4546900065507
345,2083,Bill Algeo,Featherweight,5,5,0,1513.1561465619038,1611.152190722854,1880.6435559441036,1641.7767398456735
346,2088,Alexandr Romanov,Heavyweight,7,3,0,1632.5899401906238,1686.579916375154,2043.9671410446017,1776.5719604895162
347,2093,Ludovit Klein,Featherweight,7,2,1,1662.8645469877015,1662.8645469877015,1784.2637945903728,1705.3542836486363
348,2097,Dusko Todorovic,Middleweight,3,5,0,1414.9005667368206,1536.4833210572017,1802.7919827592373,1550.6625623446664
349,2098,Nassourdine Imavov,Middleweight,9,2,0,1822.6396331175984,1822.6396331175984,1744.0783733175815,1795.1431921875924
350,2100,Dricus Du Plessis,Middleweight,9,0,0,1950.9292869019328,1950.9292869019328,1912.492808716536,1937.4765195370437
351,2102,Ilia Topuria,Featherweight,8,0,0,1928.9457824276155,1928.9457824276155,1845.0219231487292,1899.5724316800054
352,2104,Stephanie Egger,Women's Bantamweight,3,4,0,1480.749454049646,1564.492329903583,1795.6835732362604,1590.9763957649611
353,2105,Tagir Ulanbekov,Flyweight,5,1,0,1648.616999564684,1648.616999564684,1930.652346117544,1747.329370858185
354,2106,Guram Kutateladze,Lightweight,2,3,0,1471.8817371411983,1540.0,1691.7281663818392,1548.8279873754227
355,2107,Mateusz Gamrot,Lightweight,7,3,0,1732.5702986033132,1770.0018865127065,1704.1709936129948,1722.6305418567017
356,2109,Phil Hawes,Middleweight,4,4,0,1461.9717906600808,1618.018830550975,2085.5531536634776,1680.2252677112697
357,2110,Jacob Malkoun,Middleweight,4,3,0,1559.340681939482,1559.340681939482,1683.3986266922584,1602.760962602954
358,2112,Shavkat Rakhmonov,Welterweight,7,0,0,1845.221390418753,1845.221390418753,1881.0708734865243,1857.7687094924727
359,2113,Miranda Maverick,Women's Flyweight,8,3,0,1653.284322961983,1653.284322961983,1765.1995631050554,1692.4546570120583
360,2115,Adrian Yanez,Bantamweight,6,3,0,1609.1501839469438,1697.3461782751522,,
361,2119,Ramiz Brahimaj,Welterweight,3,3,0,1519.9289395051478,1519.9289395051478,1698.8740148908646,1582.5597158901487
362,2120,Cory McKenna,Women's Strawweight,3,3,0,1481.7063463015888,1573.0005604294654,1786.3517598073968,1588.3322410286216
363,2121,Kanako Murata,Women's Strawweight,1,2,0,1454.042990350629,1535.9446665678322,1749.2968901207353,1557.3818552701664
364,2122,Jared Gooden,Welterweight,2,5,0,1446.7326927826484,1500.0,1816.5271272517548,1576.1607448468358
365,2123,Dustin Stoltzfus,Middleweight,3,5,0,1467.9589410036003,1500.0,1719.038888252122,1555.8369225405827
366,2126,Josh Parisian,Heavyweight,2,5,0,1386.5227628452008,1500.0,1907.655657280291,1568.9192758974823
367,2127,Jordan Leavitt,Lightweight,4,3,0,1536.2986371042723,1587.9452118684285,1819.281800531652,1635.3427443038552
368,2128,Sam Hughes,Women's Strawweight,5,5,0,1543.9489992736328,1543.9489992736328,1732.2637539871705,1609.859163423371
369,2129,Tafon Nchukwi,Middleweight,2,4,0,1399.8566446089128,1540.0,1749.5630323205428,1522.2538803079833
370,2130,Jamie Pickett,Middleweight,2,7,0,1334.055854708459,1500.558344905422,1625.572825170915,1436.0867943703186
371,2131,Jimmy Flick,Flyweight,2,3,0,1459.781773170897,1549.0776021819645,1932.945783625138,1625.3891768298813
372,2132,Joselyne Edwards,Women's Bantamweight,5,4,0,1522.3822558031975,1557.8970735890553,1780.8086148494017,1612.831481469369
373,2136,Umar Nurmagomedov,Bantamweight,6,1,0,1727.934368528654,1752.2767212048425,1759.7543136252605,1739.0713493124663
374,2138,Manon Fiorot,Women's Flyweight,7,0,0,1774.4488849144232,1774.4488849144232,1745.6106201082484,1764.355492232262
375,2139,Victoria Leonardo,Women's Flyweight,1,4,0,1379.186881910952,1500.0,1693.275320620836,1489.1178354594113
376,2140,Michael Chandler,Lightweight,2,4,0,1570.6988611663598,1603.4996558541116,1826.7574923512852,1660.3193820810839
377,2141,Manel Kape,Flyweight,6,3,0,1669.8382619782633,1669.8382619782633,1825.8528358335464,1724.4433628276124
378,2142,Phil Rowe,Welterweight,3,3,0,1553.9185586542503,1606.6070618855638,1841.052731343257,1654.4155190954025
379,2143,Casey O'Neill,Women's Flyweight,5,2,0,1592.7559108938715,1648.621045648529,1938.5953923040847,1713.799729387446
380,2146,Ronnie Lawrence,Bantamweight,2,2,0,1500.3294661916816,1582.3640127922724,1904.8329450890049,1641.9056838057447
381,2147,Carlos Ulberg,Light Heavyweight,8,1,0,1775.4648867737214,1775.4648867737214,1931.909305391536,1830.2204332899566
382,2148,Uros Medic,Lightweight,4,3,0,1542.1496689481166,1602.251664155366,2200.0,1772.3972848162757
383,2150,Rafa Garcia,Lightweight,4,4,0,1540.129997418578,1567.3719843344156,1701.6253517746711,1596.6533714432105
384,2152,Montserrat Conejo Ruiz,Women's Strawweight,1,3,0,1403.5357425339128,1540.0,1722.9497390001138,1515.330641297083
385,2156,JP Buys,Flyweight,0,4,0,1341.41678029047,1500.0,1699.730686924027,1466.8266476122149
386,2158,Ignacio Bahamondes,Lightweight,6,2,0,1686.911428418429,1686.911428418429,,
387,2160,Loopy Godinez,Women's Strawweight,7,5,0,1574.4818060304797,1636.6062295469649,1730.7720360008564,1629.1833865201115
388,2162,Pat Sabatini,Featherweight,6,2,0,1617.0026570424411,1640.4756261006137,1863.3041440159388,1703.2081774831654
389,2163,Rongzhu,Lightweight,2,3,0,1468.1206510191782,1505.4672134127895,1944.70226260589,1634.9242150745272
390,2165,Aoriqileng,Flyweight,3,5,0,1452.7644410663831,1508.3751879181268,1838.8476406381303,1587.8935609164946
391,2166,Liang Na,Women's Strawweight,0,4,0,1321.4660834108397,1500.0,1930.0664377155376,1534.4762074174841
392,2167,Luana Pinheiro,Women's Strawweight,3,3,0,1479.8283384611082,1595.6639305961958,1659.5022815856948,1542.7142185547136
393,2168,Carlston Harris,Welterweight,4,3,0,1551.4863651403507,1632.9316971998492,1888.815613196573,1669.5516019600286
394,2169,Tucker Lutz,Featherweight,1,3,0,1424.8932310375817,1536.9742892776972,,
395,2170,Chris Barnett,Heavyweight,2,3,0,1477.7244569304944,1520.9129735651595,2053.6279542129005,1679.2906809793365
396,2171,Shayilan Nuerdanbieke,Featherweight,3,3,0,1467.1448161036535,1565.9318146187536,1751.226374708688,1566.5733616154155
397,2174,Gregory Rodrigues,Middleweight,7,3,0,1645.907598978875,1685.2163392305931,1836.6389295506197,1712.6635646789855
398,2175,Kamuela Kirk,Featherweight,1,2,0,1455.93166502164,1551.6136702976887,1731.7439065847962,1552.4659495687447
399,2176,Tabatha Ricci,Women's Flyweight,6,3,0,1613.6836566346358,1643.5389166859911,1741.443012674405,1658.399431248555
400,2177,Terrance McKinney,Lightweight,6,4,0,1559.3896939121626,1598.251695243517,2085.7429026359227,1743.6133169654786
401,2178,Jeremiah Wells,Welterweight,4,2,0,1587.7910338959705,1681.167721653236,1768.3193004776772,1650.9759271995676
402,2180,Preston Parsons,Welterweight,2,4,0,1440.9790305074112,1518.7508052040862,1759.119953997743,1552.3283537290272
403,2181,Elise Reed,Women's Flyweight,4,4,0,1481.183850211328,1500.0,1760.326328925845,1578.8837177614091
404,2182,Melsik Baghdasaryan,Featherweight,3,2,0,1523.8812594436515,1583.4258768421462,,
405,2184,Orion Cosce,Welterweight,1,2,0,1433.9521276726532,1500.0,,
406,2185,Melissa Gatto,Women's Flyweight,3,2,0,1555.5809980521476,1592.9238675668564,1821.261484399668,1648.5691682737797
407,2187,Josiane Nunes,Women's Bantamweight,3,3,0,1472.2840451547509,1610.724372206351,2016.0418887142607,1662.5992904005793
408,2188,Bryan Battle,Middleweight,8,1,0,1739.8016903848609,1739.8016903848609,1921.8797276668129,1803.5290034335442
409,2189,Gilbert Urbina,Middleweight,1,2,0,1459.607972806402,1504.761870658709,2033.9670963885465,1660.6336660601526
410,2190,Ricky Turcios,Bantamweight,2,3,0,1442.779521169886,1540.0,1770.674976264709,1557.542930453074
411,2191,Brady Hiestand,Bantamweight,3,1,0,1591.9506334767848,1591.9506334767848,1954.688109890133,1718.9087502214568
412,2192,Andre Petroski,Middleweight,8,2,0,1650.149054857495,1680.760967358235,1747.2711557841324,1684.1417901818181
413,2194,Vanessa Demopoulos,Women's Flyweight,5,3,0,1549.4741470998629,1593.4220152666237,1843.8615951611723,1652.5097539213211
414,2196,Paddy Pimblett,Lightweight,6,0,0,1746.3389867017663,1746.3389867017663,1846.280795404176,1781.3186197476098
415,2198,Mandy Bohm,Women's Flyweight,1,2,0,1447.1398352933052,1500.0,1615.3907779085823,1506.0276652086523
416,2200,Erin Blanchfield,Women's Flyweight,7,1,0,1750.2489409319585,1750.2489409319585,1977.9797912516497,1829.9547385438505
417,2202,Cody Brundage,Middleweight,5,6,0,1495.914805509261,1553.459787219217,1781.306935271783,1595.8020509261437
418,2204,Mike Breeden,Lightweight,1,3,0,1445.2565275461398,1500.0,1977.207517386461,1631.439373990252
419,2207,Istela Nunes,Women's Strawweight,0,4,0,1338.7096239790878,1500.0,2051.0921429425703,1588.0435056163067
420,2208,David Onama,Lightweight,5,2,0,1621.9546963398172,1621.9546963398172,1906.451765696651,1721.528670614709
421,2209,Maria Oliveira,Women's Strawweight,1,3,0,1418.9623443851692,1500.0,1817.651421385193,1558.5035213351775
422,2210,Daniel Lacerda,Flyweight,0,6,0,1282.5897539254065,1500.0,2154.07782387253,1587.6105784068998
423,2212,Albert Duraev,Middleweight,2,2,0,1498.8745451247344,1535.3568407132043,1666.2285511029922,1557.4484472171246
424,2213,Benoit Saint Denis,Welterweight,5,3,0,1628.4655264387493,1696.932195515286,1962.010774014017,1745.206363090093
425,2215,Alex Pereira,Middleweight,9,2,0,1914.2304870878768,1952.2203592468868,1822.43476783876,1882.101985350686
426,2216,Chris Curtis,Middleweight,5,5,0,1564.825001743565,1663.307500713266,1845.3475261653264,1663.0078852911815
427,2217,Ian Machado Garry,Welterweight,8,1,0,1757.1396229509694,1786.6352009974894,1759.3621834833912,1757.917519137317
428,2219,CJ Vergara,Flyweight,3,4,0,1450.7875071848562,1526.8074041292973,1853.9608662460305,1591.898182856267
429,2220,Natan Levy,Lightweight,2,2,0,1486.251633627101,1525.038547952162,1891.162710425317,1627.9705105064768
430,2222,Viacheslav Borshchev,Lightweight,3,4,1,1484.8388200085153,1545.2218403292202,1831.834826005568,1606.2874221074837
431,2223,Joanderson Brito,Featherweight,5,2,0,1661.2397245953402,1703.378909445939,2041.9886340720595,1794.501842912192
432,2224,Joseph Holmes,Middleweight,1,3,0,1408.721992732859,1500.0,1921.8907725947065,1588.3310656845056
433,2225,Andre Fialho,Welterweight,2,5,0,1424.9266780811913,1576.0897366330962,1761.6202137744772,1542.7694155738413
434,2226,Michael Morales,Welterweight,5,0,0,1733.1094619363355,1733.1094619363355,,
435,2227,Victor Henry,Bantamweight,3,3,0,1541.0959956506483,1591.15518674379,1889.63938283711,1663.08618116591
436,2228,Jack Della Maddalena,Welterweight,7,0,0,1802.970645773941,1802.970645773941,1942.7649512868484,1851.8986527034585
437,2229,Pete Rodriguez,Welterweight,1,2,0,1450.551951457206,1500.2202624426168,,
438,2231,Genaro Valdez,Lightweight,0,3,0,1374.7490617016313,1500.0,,
439,2232,Jasmine Jasudavicius,Women's Flyweight,7,2,0,1667.0354621917745,1667.0354621917745,1876.7005624721528,1740.418247289907
440,2233,Tresean Gore,Middleweight,2,2,0,1515.1913688152233,1515.1913688152233,1847.5822296985984,1631.5281701244046
441,2234,Chidi Njokuani,Middleweight,5,3,0,1584.8470506240392,1596.147353309071,1855.6383340401555,1679.6239998196797
442,2235,Jailton Almeida,Light Heavyweight,8,1,0,1782.427924524549,1782.427924524549,2020.9766917021464,1865.919993036708
443,2236,Denys Bondar,Flyweight,0,3,0,1374.7032840828122,1500.0,1845.275375541807,1539.4035160934604
444,2237,AJ Dobson,Middleweight,1,3,0,1426.3571687760625,1500.0,1835.1568915435168,1569.4370717446716
445,2238,Blood Diamond,Welterweight,0,3,0,1389.6432088502474,1500.0,1614.4644870131758,1468.3306562072726
446,2239,Nikolas Motta,Lightweight,3,3,0,1521.633430614619,1521.633430614619,,
447,2240,Chad Anheliger,Bantamweight,2,3,0,1455.089702302487,1544.9862567242296,1915.126852759001,1616.102704962267
448,2241,Christian Rodriguez,Featherweight,5,2,0,1606.2310871844422,1633.128371321378,1668.1522862794643,1627.9035068677
449,2243,Armen Petrosyan,Middleweight,3,4,0,1462.1270152853554,1580.256900231971,1791.917476209763,1577.553676608898
450,2245,Carlos Hernandez,Flyweight,3,3,0,1492.882003056019,1540.0,1679.1734487142205,1558.0840090363895
451,2246,Victor Altamirano,Flyweight,2,4,0,1423.506541891653,1541.1111617319716,1780.3427618430742,1548.3992188746502
452,2247,AJ Fletcher,Welterweight,1,3,0,1451.8420642784015,1500.0,1989.4858944796788,1640.0174048488484
453,2248,Javid Basharat,Bantamweight,4,2,0,1558.0976587257794,1641.9706469231176,1711.6911040685368,1611.8553645957445
454,2249,Azamat Murzakanov,Light Heavyweight,4,0,0,1687.4572158276433,1687.4572158276433,1723.8615006773396,1700.1987155250372
455,2250,Muhammad Mokaev,Flyweight,7,0,0,1736.1683388659874,1736.1683388659874,1800.9634117739877,1758.8466143837875
456,2251,Aliaskhab Khizriev,Middleweight,2,0,0,1590.7083815184048,1590.7083815184048,,
457,2252,Denis Tiuliulin,Middleweight,1,5,0,1364.7867781456796,1501.102855578872,1733.0764315173512,1493.6881568257647
458,2253,Josh Fremd,Middleweight,2,4,0,1432.5844482982795,1500.0,1905.917678061796,1598.2510787155102
459,2254,Mike Malott,Welterweight,4,1,0,1623.029959735542,1633.6317455842827,1928.3298116976648,1729.884907922285
460,2255,Piera Rodriguez,Women's Strawweight,3,2,0,1531.3517745290585,1570.3410547574938,1724.6999768763835,1599.0236453506222
461,2256,Daniel Santos,Bantamweight,2,1,0,1561.6124595404262,1561.6124595404262,1930.5874897768967,1690.753720123191
462,2257,Caio Borralho,Middleweight,7,0,0,1757.0035177793864,1757.0035177793864,1826.0873621755995,1781.1828633180608
463,2259,Ange Loosa,Welterweight,2,3,0,1476.1302965895586,1531.791260439605,1835.626071336265,1601.953817750906
464,2260,Martin Buday,Heavyweight,5,1,0,1605.4190708287438,1629.7754989313542,,
465,2261,Trey Ogden,Lightweight,4,3,0,1542.317085799536,1575.9779970273992,1732.1577741329154,1608.7613267162187
466,2262,Evan Elder,Welterweight,2,2,0,1493.1099945393032,1500.0,1858.9714014871165,1621.161486971038
467,2264,Yohan Lainesse,Welterweight,1,3,0,1404.6469877551488,1500.0,1765.126739774645,1530.8149009619724
468,2266,Kleydson Rodrigues,Flyweight,1,3,0,1440.4491893387176,1508.7684787139085,,
469,2267,Fernie Garcia,Bantamweight,0,4,0,1352.702468853438,1500.0,1679.8893227563583,1467.2178677194602
470,2268,Manuel Torres,Lightweight,3,1,0,1581.6185588657158,1631.9201379596227,2032.6846285427368,1739.4916832526733
471,2269,Jake Hadley,Flyweight,3,4,0,1477.3411146571648,1548.0470107767885,1830.943242770673,1601.1018594968928
472,2270,Tatsuro Taira,Flyweight,6,1,0,1680.7563457046804,1719.2061861823424,2056.310378090415,1812.2002570396876
473,2272,Lucas Almeida,Featherweight,2,3,0,1474.4709843520427,1555.704523472741,1758.4560186611848,1573.8657463602424
474,2273,Karine Silva,Women's Flyweight,4,1,0,1615.9629145220586,1662.315656773452,1882.953033063848,1709.4094560116846
475,2275,Dan Argueta,Featherweight,3,3,0,1496.2592152118923,1587.6412764362028,1727.207911004787,1577.0912587394055
476,2276,Rinat Fakhretdinov,Welterweight,5,0,1,1704.345932571542,1704.345932571542,1830.7322923931188,1748.581158509094
477,2277,Maheshate,Lightweight,2,3,0,1457.9364147767103,1551.8163520519004,,
478,2278,Natalia Silva,Women's Flyweight,6,0,0,1716.4194857615355,1716.4194857615355,1685.6668101000644,1705.6560492800206
479,2279,Garrett Armfield,Featherweight,2,3,0,1458.178061148068,1542.5917614937655,1889.839361061456,1609.2595161177537
480,2280,Emily Ducote,Women's Strawweight,2,3,0,1465.5025512949594,1541.4961877671294,2119.4971256337963,1694.4006523135522
481,2281,Charles Johnson,Flyweight,6,5,0,1558.9851806504018,1592.7112609445353,1774.692776746575,1634.4828392840623
482,2282,Hamdy Abdelwahab,Heavyweight,1,1,0,1507.9250300568858,1507.9250300568858,,
483,2283,Adam Fugitt,Welterweight,2,2,0,1508.607834475266,1510.5422235882238,1739.6674929657572,1589.4787149469378
484,2284,Ihor Potieria,Light Heavyweight,2,6,0,1393.303135935555,1522.516125958626,1740.4820755023454,1514.8157647839316
485,2285,Mohammed Usman,Heavyweight,3,2,0,1518.4676219659675,1604.8998272486674,,
486,2286,Zac Pauga,Heavyweight,1,3,0,1399.637027812101,1500.0,,
487,2287,Juliana Miller,Women's Flyweight,1,2,0,1448.6558860752043,1550.0,2161.36387621665,1698.1036826247105
488,2288,Brogan Walker,Women's Flyweight,0,2,0,1412.122200364948,1500.0,2011.901105223718,1622.0448170655175
489,2289,Yazmin Jauregui,Women's Strawweight,3,2,0,1505.220223530673,1574.7440608646282,,
490,2290,Iasmin Lucindo,Women's Strawweight,4,2,0,1593.916929066293,1625.2143167389838,1672.4463794636515,1621.4022367053685
491,2291,Lukasz Brzeski,Heavyweight,1,5,0,1381.7218869914732,1500.0,1808.238976078552,1531.0028681719507
492,2292,Josh Quinlan,Catch Weight,1,3,0,1418.412096733195,1545.4466382098472,1750.8855596891344,1534.7778087677739
493,2293,Da'Mon Blackshear,Bantamweight,4,3,1,1577.504769036446,1577.504769036446,1861.795705283336,1677.0065967228575
494,2294,William Gomis,Featherweight,4,1,0,1621.0676047611207,1664.4186895582675,1740.9843601632754,1663.0384691518748
495,2295,Jarno Errens,Featherweight,1,3,0,1426.558186967712,1500.0,,
496,2296,Abus Magomedov,Middleweight,3,2,0,1582.0681181095122,1582.0681181095122,,
497,2297,Michal Figlak,Lightweight,0,2,0,1419.4673757452117,1500.0,1693.5444934980703,1515.3943669587122
498,2298,Gabriel Miranda,Lightweight,1,2,0,1451.1571719010396,1500.0,1825.94662965712,1582.3334821156677
499,2299,Cristian Quinonez,Bantamweight,1,2,0,1466.5820869778163,1547.8146017248826,1735.0720914049862,1560.5535885273257
500,2300,Ailin Perez,Women's Featherweight,5,1,0,1634.4588474907516,1634.4588474907516,1639.0486614887172,1636.0652823900396
501,2301,Anton Turkalj,Catch Weight,0,4,0,1355.353590038797,1500.0,1759.1063521111173,1496.667056764109
502,2303,Melissa Martinez,Women's Strawweight,1,1,0,1492.8487200315544,1500.0,1866.9000099280388,1623.7666714953239
503,2304,Joe Pyfer,Middleweight,4,1,0,1640.630196152572,1640.630196152572,1778.9975752440257,1689.0587788345808
504,2305,Denise Gomes,Women's Strawweight,4,2,0,1596.1736707755388,1596.1736707755388,1823.5646483325927,1675.7605129205076
505,2306,Daniel Zellhuber,Lightweight,3,2,0,1544.8004837009453,1583.4081306739406,,
506,2308,Chelsea Chandler,Catch Weight,2,2,0,1514.791492331527,1559.3921144333124,1814.9573857393248,1619.849555024256
507,2309,Lucas Alexander,Featherweight,1,3,0,1402.7030787580647,1500.0,,
508,2310,Waldo Cortes-Acosta,Heavyweight,6,1,0,1667.576980081452,1667.576980081452,1816.0070865968723,1719.5275173618488
509,2313,Tamires Vidal,Women's Bantamweight,1,3,0,1410.120035812358,1541.7805129360718,2063.0226837310884,1638.6359625839136
510,2314,Tereza Bleda,Women's Flyweight,1,1,0,1494.61924443027,1500.0,,
511,2315,Francis Marshall,Featherweight,2,3,0,1462.476250308854,1540.555727981261,1672.2497037568503,1535.8969590156528
512,2316,Raul Rosas Jr.,Bantamweight,4,1,0,1609.9975706994055,1609.9975706994055,1865.9247293063827,1699.5720762118476
513,2317,Erik Silva,Featherweight,0,2,0,1415.3639283539198,1500.0,1676.7799493910718,1506.859535716923
514,2318,Cameron Saaiman,Bantamweight,3,2,0,1530.7875086644842,1624.6344775256864,1988.2248649130163,1690.8905833514705
515,2320,Alessandro Costa,Flyweight,2,2,0,1525.7468951584688,1525.7468951584688,1714.5990225279604,1591.8451397377908
516,2321,Mateus Mendonca,Bantamweight,0,3,0,1398.4098813403905,1500.0,1676.1460859932397,1495.6175529688876
517,2322,Claudio Ribeiro,Middleweight,1,3,0,1418.9092973788277,1500.8784864208778,1910.1599680284007,1590.8470321061782
518,2323,Mateusz Rebecki,Lightweight,4,1,0,1625.3980527703743,1630.6074662274552,2039.7517130691715,1770.4218338749533
519,2324,Nick Fiore,Lightweight,0,2,0,1424.4893096313106,1500.0,1802.413934768469,1556.7629284293162
520,2325,Nick Aguirre,Featherweight,0,2,0,1413.8628777127212,1500.0,1585.9553153845766,1474.0952308978706
521,2326,Brunno Ferreira,Middleweight,4,2,0,1581.0603053970565,1592.523996842467,1725.3575755368445,1631.5643499459823
522,2327,Melquizael Costa,Lightweight,3,2,0,1566.1344160348028,1566.1344160348028,1706.1863174089344,1615.1525815157488
523,2328,Gabriel Bonfim,Welterweight,4,1,0,1646.067755321044,1646.067755321044,1847.908862996995,1716.7121430076268
524,2329,Luan Lacerda,Bantamweight,0,2,0,1420.1083981619877,1500.0,1809.6404058500705,1556.4446008528166
525,2330,Ismael Bonfim,Lightweight,2,2,0,1519.3025421974412,1564.3621240552136,1798.869489985735,1617.1509739233438
526,2331,Daniel Marcos,Bantamweight,5,0,0,1688.0784043291435,1688.0784043291435,1867.540204320025,1750.890034325952
527,2332,Yusaku Kinoshita,Welterweight,0,2,0,1402.1596276238442,1500.0,,
528,2333,Anshul Jubli,Lightweight,1,2,0,1453.3852958650411,1570.0,,
529,2334,Jeka Saragih,Lightweight,1,2,0,1448.5084045682756,1504.228491682923,,
530,2335,JeongYeong Lee,Featherweight,2,1,0,1536.836732760654,1590.5931080536575,1665.7468888931617,1581.9552874070318
531,2336,Yizha,Featherweight,0,2,0,1417.7741028314922,1500.0,,
532,2337,Rinya Nakamura,Bantamweight,3,1,0,1570.291565527768,1620.3400517922355,,
533,2338,Toshiomi Kazama,Bantamweight,1,2,0,1453.1805248686064,1500.0,,
534,2339,HyunSung Park,Flyweight,2,0,0,1599.2773857115424,1599.2773857115424,,
535,2341,Jesus Aguilar,Flyweight,3,2,0,1538.4628893732438,1578.7727761108638,1690.0737015489133,1591.526673634728
536,2342,Shannon Ross,Flyweight,0,3,0,1366.932999324598,1500.0,,
537,2343,Francisco Prado,Lightweight,1,3,0,1466.5959801624024,1522.5277884398004,1814.3390927202147,1588.3060695576369
538,2344,Jack Jenkins,Featherweight,3,2,0,1507.8654666850807,1572.1881112958476,1937.2275355504885,1658.1421907879735
539,2345,Blake Bilder,Featherweight,1,2,0,1454.1041775115928,1536.0566140992844,,
540,2346,Elves Brener,Lightweight,3,2,0,1548.157246931706,1633.8960566786684,1820.6782616694668,1643.539602089922
541,2347,Jamal Pogues,Heavyweight,2,2,0,1489.0542404250004,1538.4714688583358,1637.6742570395338,1541.071246240087
542,2348,Nazim Sadykhov,Lightweight,3,0,1,1627.6592573285695,1627.6592573285695,1921.1905318362165,1730.3952034062459
543,2350,Themba Gorimbo,Welterweight,4,2,0,1575.4154559272938,1602.626785832495,1931.991936000776,1700.2172239530125
544,2351,Clayton Carpenter,Flyweight,2,1,0,1550.961775553807,1585.5594309218477,1909.5016242228792,1676.4507225879822
545,2352,Trevor Peek,Lightweight,2,3,0,1465.2087607295834,1541.6579103819151,1893.7889567217055,1615.211829326826
546,2353,Gabriella Fernandes,Women's Flyweight,2,2,0,1519.4696282764437,1519.4696282764437,1717.8389145715578,1588.8988784797336
547,2354,Victor Martinez,Lightweight,0,2,0,1404.5862719194097,1500.0,,
548,2355,Carl Deaton,Lightweight,0,2,0,1422.551856022229,1500.0,,
549,2356,Nurullo Aliev,Lightweight,2,0,0,1582.6808908729208,1582.6808908729208,1876.1225019652331,1685.38545475523
550,2357,Bo Nickal,Middleweight,4,0,0,1655.538571627372,1655.538571627372,,
551,2358,Farid Basharat,Bantamweight,4,0,0,1652.02459810114,1652.02459810114,1772.9295525565533,1694.3413321605349
552,2359,Loik Radzhabov,Lightweight,2,2,0,1503.101832093599,1540.0,1861.4170015994632,1628.5121414206515
553,2360,Esteban Ribovics,Lightweight,3,2,0,1568.352607480375,1597.877688180113,1950.3605446322752,1702.05538548354
554,2361,Vitor Petrino,Light Heavyweight,4,2,0,1558.1825831995288,1648.0275425141128,1792.3220520264872,1640.1313972889643
555,2362,Karl Williams,Heavyweight,3,1,0,1551.7888600295855,1593.5567771788387,,
556,2363,Sedriques Dumas,Middleweight,3,2,0,1505.6218438011983,1521.6914501448505,1652.982307568721,1557.1980061198312
557,2364,Chris Duncan,Lightweight,4,1,0,1610.343171695744,1610.343171695744,1876.0225738270717,1703.3309624417088
558,2365,Yanal Ashmouz,Lightweight,2,1,0,1546.5555105107226,1550.0,,
559,2366,Sam Patterson,Lightweight,3,1,0,1589.8840475132984,1589.8840475132984,2019.1393138138544,1740.1233907184928
560,2367,Jafel Filho,Flyweight,2,1,0,1558.3485178222884,1558.3485178222884,1730.9248828845368,1618.7502455940753
561,2368,Gabriel Santos,Featherweight,2,2,0,1526.5655520773073,1526.5655520773073,1874.3615102958383,1648.2941374537932
562,2369,Christian Leroy Duncan,Middleweight,4,2,0,1587.2126521561984,1587.2126521561984,1877.3412712953664,1688.757668854907
563,2370,Vinicius Salvador,Flyweight,0,3,0,1395.9616085335608,1500.0,1716.5762583409723,1508.1767359661549
564,2371,Jaqueline Amorim,Women's Strawweight,3,1,0,1610.6080587985584,1610.6080587985584,1945.1122343106229,1727.684520227781
565,2372,Bruna Brasil,Women's Strawweight,2,3,0,1469.313998469484,1507.6099146349177,1820.5091369643571,1592.2322969426896
566,2373,Gaston Bolanos,Bantamweight,2,1,0,1522.6785522765197,1527.0972838569144,1825.4513831147976,1628.6490430699168
567,2374,Junior Tafa,Heavyweight,2,3,0,1485.1467617200497,1519.9678725394986,1687.3279699726688,1555.9101846084664
568,2375,Fernando Padilla,Featherweight,2,2,0,1512.8453949664915,1553.261974363014,,
569,2376,Trey Waters,Welterweight,2,0,0,1584.036727850358,1584.036727850358,1850.1561404933736,1677.1785222754133
570,2377,Irina Alekseeva,Women's Bantamweight,1,1,0,1509.7318709177057,1554.836742093037,,
571,2378,Marcus McGhee,Catch Weight,4,0,0,1660.0962610758752,1660.0962610758752,,
572,2379,Jamey-Lyn Horth,Women's Bantamweight,2,2,0,1503.7192143956345,1540.0,1595.6264590297576,1535.8867500175775
573,2380,Hailey Cowan,Women's Bantamweight,0,1,0,1460.0,1500.0,,
574,2381,Diego Lopes,Featherweight,5,1,0,1733.6586492772435,1733.6586492772435,,
575,2382,Rolando Bedoya,Welterweight,0,3,0,1404.5026157630848,1500.0,,
576,2383,Braxton Smith,Heavyweight,0,1,0,1446.030340606792,1500.0,,
577,2384,Ikram Aliskerov,Middleweight,2,1,0,1581.9621840299924,1607.3185207629206,,
578,2385,Tainara Lisboa,Women's Bantamweight,2,0,0,1577.297712149545,1577.297712149545,1806.5214391955376,1657.5260166156422
579,2386,Jesse Butler,Lightweight,0,2,0,1431.7938872498587,1500.0,,
580,2387,Ketlen Souza,Women's Flyweight,2,2,0,1510.8901493953438,1549.0558844303018,1762.2859867421107,1598.8786924667122
581,2388,Muin Gafurov,Bantamweight,2,2,0,1542.3653458226322,1542.3653458226322,1623.4937699943484,1570.760294282733
582,2389,Muhammad Naimov,Lightweight,4,1,0,1603.9179208086775,1640.0251763974636,1770.020622916773,1662.053866546511
583,2390,Steve Erceg,Flyweight,3,2,0,1559.9933551087452,1626.6142507423428,1784.130275735301,1638.4412773280396
584,2391,Austen Lane,Heavyweight,2,3,0,1440.3478650341542,1542.556006761975,1742.3249706675738,1546.0398520058511
585,2392,Joshua Van,Flyweight,6,1,0,1640.170694979511,1640.170694979511,1911.8415261787568,1735.255485899247
586,2393,Chepe Mariscal,Lightweight,5,0,0,1685.8043160225998,1685.8043160225998,1738.762054671058,1704.33952454956
587,2394,Nursulton Ruziboev,Middleweight,3,1,0,1611.7834289996508,1611.7834289996508,,
588,2395,Westin Wilson,Featherweight,1,2,0,1469.0593145932864,1500.0,1986.160043299542,1650.0445696404759
589,2396,Ivana Petrovic,Women's Flyweight,1,2,0,1454.3962580150276,1500.0,1786.793696037125,1570.7353613227617
590,2397,Val Woodburn,Middleweight,0,2,0,1420.414239344948,1500.0,1762.0934343949843,1540.001957612461
591,2398,Edgar Chairez,Catch Weight,2,2,0,1489.7165711367577,1524.20089663186,1974.9659058123868,1659.553838273228
592,2399,Terrence Mitchell,Bantamweight,0,2,0,1414.9532884765024,1500.0,1985.336940070119,1614.5875665342683
593,2400,Bassil Hafez,Welterweight,1,2,0,1481.546932530631,1524.373069123572,1771.0791037351637,1582.8831924522174
594,2401,Viktoriia Dudakova,Women's Strawweight,2,2,0,1460.271248554726,1559.3231880147966,1788.4266320230652,1575.1256327686447
595,2402,Azat Maksum,Flyweight,1,1,0,1491.5116576095097,1541.4475731270038,1675.7764986220964,1556.004351963915
596,2403,Jonny Parsons,Welterweight,1,0,0,1553.7417987737156,1553.7417987737156,,
597,2404,Mick Parkin,Heavyweight,4,1,0,1616.5020482248058,1648.7212089679556,1772.1571475898531,1670.9813330025722
598,2405,Shauna Bannon,Women's Strawweight,2,1,0,1548.028937652731,1548.028937652731,1858.4487300572432,1656.6758649943104
599,2406,Daniel Barez,Flyweight,1,2,0,1454.697424632424,1500.0,2023.472847523985,1653.7688226444702
600,2407,Darrius Flowers,Welterweight,0,3,0,1388.9769660954814,1500.0,1687.8826849539207,1493.5939676959351
601,2408,Dennis Buzukja,Featherweight,1,3,0,1435.23554241142,1500.0,1908.18823198676,1600.768983762789
602,2409,Asu Almabayev,Flyweight,4,1,0,1602.7545157436014,1651.442945434757,1708.9495010899002,1639.922760614806
603,2410,Isaac Dulgarian,Featherweight,2,1,0,1556.0916129398245,1556.0916129398245,2156.1023748818297,1766.0953796195263
604,2411,Jose Johnson,Bantamweight,1,3,0,1429.6814491776668,1506.066997593823,1693.6843701364903,1522.082471513255
605,2412,Luana Santos,Women's Flyweight,3,1,0,1572.6899549165878,1616.412453248974,2027.3807062494632,1731.8317178830941
606,2413,Billy Ray Goff,Welterweight,1,1,0,1504.8907815324385,1543.7249104993905,,
607,2414,Bogdan Guskov,Light Heavyweight,3,1,0,1607.6479498604515,1607.6479498604515,1947.1261297910628,1726.4653128361654
608,2415,Yanis Ghemmouri,Featherweight,0,2,0,1424.5981117786284,1500.0,,
609,2416,Morgan Charriere,Featherweight,2,2,0,1533.5121107632283,1562.1328499650297,1850.0011267896548,1644.2832663724776
610,2417,Manolo Zecchini,Featherweight,0,1,0,1450.0,1500.0,,
611,2418,Caolan Loughran,Bantamweight,2,2,0,1514.5695487872488,1514.5695487872488,1802.7623537166496,1615.437030512539
612,2419,Nora Cornolle,Women's Bantamweight,2,1,0,1554.8466699105038,1595.566097997155,1653.55529149032,1589.3946874634396
613,2420,Jacqueline Cavalcanti,Catch Weight,4,0,0,1638.621687957517,1638.621687957517,,
614,2421,Felipe dos Santos,Flyweight,1,3,0,1449.701958605787,1511.6109679199972,1940.9251677219536,1621.6300817964452
615,2422,Landon Quinones,Lightweight,0,2,0,1433.291113433813,1500.0,,
616,2423,Charles Radtke,Welterweight,3,1,0,1571.915702127564,1576.911724142967,,
617,2424,Kevin Jousset,Welterweight,2,2,0,1505.561132920172,1586.807778527185,1930.2269056181613,1654.194153364468
618,2425,Kiefer Crosbie,Welterweight,0,2,0,1410.01834253792,1500.0,,
619,2426,Charlie Campbell,Lightweight,2,0,0,1583.7229998146397,1583.7229998146397,1855.7129466689296,1678.9194812136411
620,2427,Josefine Knutsson,Women's Strawweight,2,1,0,1527.0935024837245,1574.5296925665411,2147.088969507403,1744.0919159420118
621,2428,Marnic Mann,Women's Strawweight,0,2,0,1420.7112471834748,1500.0,1758.8198298540583,1539.049251118179
622,2429,Montserrat Rendon,Women's Bantamweight,1,1,0,1500.787370773359,1544.787106049558,,
623,2430,Ravena Oliveira,Women's Bantamweight,0,1,0,1464.9381835937172,1500.0,1704.425311194145,1548.758678253867
624,2431,Brendon Marotte,Lightweight,0,2,0,1413.194318436748,1500.0,,
625,2432,Melissa Mullins,Women's Bantamweight,2,1,0,1545.5952408507874,1546.2614063336732,1804.9653102650304,1636.3747651457725
626,2433,Mohammad Yahya,Lightweight,0,2,0,1410.6459932291718,1500.0,2005.6521571667345,1618.8981506073187
627,2434,Shara Magomedov,Middleweight,4,1,0,1617.5201896403066,1665.648401985106,,
628,2435,Kaynan Kruschewsky,Catch Weight,0,2,0,1414.6244810673215,1500.0,1913.108339688753,1589.0938315848225
629,2436,Eduarda Moura,Women's Strawweight,2,1,0,1544.9355019961768,1544.9355019961768,1817.790325051958,1640.4346900657001
630,2437,Kaue Fernandes,Lightweight,2,1,0,1545.799283500963,1545.799283500963,1848.862064958877,1651.871257011233
631,2438,Kevin Borjas,Flyweight,0,2,0,1415.9870886623485,1500.0,,
632,2439,Payton Talbott,Bantamweight,3,1,0,1587.5723866514982,1629.899109454521,2079.847301812393,1759.8686069578114
633,2440,Myktybek Orolbai,Welterweight,2,1,0,1566.5696971780649,1606.6753934478563,1706.9863645272892,1615.7155307502935
634,2441,Caio Machado,Heavyweight,0,3,0,1393.0449007573552,1500.0,,
635,2442,Rafael Estevam,Flyweight,2,0,0,1580.646705480623,1580.646705480623,1746.3318020454872,1638.6364892783254
636,2443,Zachary Reese,Middleweight,2,2,0,1486.8619417948355,1537.8800528759507,2000.816752939272,1666.7461256953884
637,2444,Rodolfo Bellato,Light Heavyweight,1,0,1,1545.543627769662,1547.8676390414134,,
638,2445,Talita Alencar,Women's Strawweight,1,1,0,1496.5296925665411,1540.0,1544.382758194995,1513.2782655365
639,2446,Rayanne dos Santos,Women's Strawweight,0,2,0,1425.4703074334589,1500.0,,
640,2447,Shamil Gaziev,Heavyweight,3,1,0,1606.8232020132148,1606.8232020132148,1925.8028128639044,1718.466065810956
641,2448,Jean Silva,Featherweight,4,0,0,1687.2708661506028,1687.2708661506028,2121.29584409409,1839.1796084308235
642,2449,Tom Nolan,Lightweight,3,1,0,1559.1932186464114,1559.1932186464114,1783.3395378696862,1637.6444303745575
643,2450,Felipe Bunes,Flyweight,1,1,0,1506.3009132974755,1506.3009132974755,2147.7983047349258,1730.8250003005833
644,2451,Ramon Taveras,Bantamweight,1,1,0,1503.6177967064218,1540.0,,
645,2452,Serhiy Sidey,Bantamweight,1,1,0,1503.2609499966063,1503.2609499966063,,
646,2453,MarQuel Mederos,Lightweight,1,0,0,1536.417368901651,1536.417368901651,,
647,2454,Thomas Petersen,Heavyweight,1,2,0,1467.9971771632934,1509.9503101087123,1610.516078718033,1517.8787927074522
648,2455,Robert Bryczek,Middleweight,0,1,0,1452.7622054827132,1500.0,,
649,2456,Carlos Prates,Welterweight,4,0,0,1715.8697173116047,1715.8697173116047,,
650,2457,Bolaji Oki,Lightweight,1,1,0,1492.1850712613325,1540.0,1686.205943138482,1560.0923764183349
651,2458,Timmy Cuamba,Lightweight,0,2,0,1422.171265542845,1500.0,1652.971831257341,1502.9514635429186
652,2459,Hyder Amil,Featherweight,3,0,0,1638.2214529291307,1638.2214529291307,2010.4159992843329,1768.4895441534513
653,2460,Carlos Vera,Bantamweight,1,1,0,1520.6895977259237,1520.6895977259237,,
654,2461,Zhang Mingyang,Light Heavyweight,2,0,0,1593.4258768421462,1593.4258768421462,,
655,2462,Brendson Ribeiro,Light Heavyweight,2,2,0,1505.9739535573565,1505.9739535573565,1798.3551374409958,1608.3073679166303
656,2463,Danny Barlow,Welterweight,2,1,0,1530.6184001229603,1583.5666815376708,,
657,2464,Oban Elliott,Welterweight,3,0,0,1614.799662063088,1614.799662063088,1813.60802616082,1684.382589497294
658,2465,Ronaldo Rodriguez,Flyweight,2,0,0,1566.732899827532,1566.732899827532,1967.251405340441,1706.9143767570501
659,2466,Bekzat Almakhan,Bantamweight,0,1,0,1479.6875509692811,1500.0,,
660,2467,Vinicius Oliveira,Bantamweight,3,0,0,1649.569276354258,1649.569276354258,1822.0754224154375,1709.9464274756706
661,2468,Benardo Sopaj,Bantamweight,1,1,0,1492.592565458987,1500.0,1844.9130480601664,1615.9047343693996
662,2469,AJ Cunningham,Lightweight,0,2,0,1428.5315110778492,1500.0,,
663,2470,Abdul-Kareem Al-Selwady,Lightweight,0,1,0,1448.964068408571,1500.0,1737.8432460504323,1550.0717805832223
664,2471,Michael Page,Welterweight,2,1,0,1594.6444886844718,1594.6444886844718,1569.6491875718614,1585.896133295058
665,2472,Robelis Despaigne,Heavyweight,1,2,0,1462.9607041892484,1541.290518784415,,
666,2473,Danny Silva,Featherweight,2,0,0,1581.0148337389492,1581.0148337389492,1744.0438834107515,1638.0750011240802
667,2474,Mitch Ramirez,Lightweight,0,1,0,1458.414739968582,1500.0,,
668,2475,Charalampos Grigoriou,Bantamweight,0,2,0,1402.053696438766,1500.0,,
669,2476,Luis Pajuelo,Featherweight,0,1,0,1452.4607420401005,1500.0,,
670,2477,Steven Nguyen,Featherweight,0,1,0,1450.738908726453,1500.0,,
671,2478,Daria Zhelezniakova,Women's Bantamweight,1,1,0,1499.4994936913688,1545.1279336166142,1744.9417020862109,1585.4042666295636
672,2479,Andre Lima,Flyweight,4,0,0,1638.6751761938408,1638.6751761938408,1811.045095312159,1699.004647885252
673,2480,Igor Severino,Flyweight,0,1,0,1460.0,1500.0,1776.6779322725708,1570.8372762953998
674,2481,Connor Matthews,Featherweight,0,2,0,1398.2854659866305,1500.0,1988.0805998993856,1604.713762856095
675,2482,Ibo Aslan,Light Heavyweight,2,1,0,1527.5691872155237,1582.626923903133,,
676,2483,Angel Pacheco,Bantamweight,0,1,0,1456.435577545462,1500.0,,
677,2484,Valter Walker,Heavyweight,2,1,0,1546.740814447474,1546.740814447474,,
678,2485,Victor Hugo,Bantamweight,1,1,0,1510.2259819491987,1540.0,1706.0971198173904,1578.7808802030659
679,2486,Pedro Falcao,Bantamweight,0,1,0,1460.0,1500.0,,
680,2487,Jean Matsumoto,Bantamweight,2,1,0,1567.7954776871554,1592.823194551053,1944.8275492170608,1699.7567027226223
681,2488,Cesar Almeida,Middleweight,3,1,0,1592.1618772487636,1592.1618772487636,1892.4203374762824,1697.2523383283951
682,2489,Dylan Budka,Middleweight,0,3,0,1390.655795479091,1500.0,,
683,2490,Kayla Harrison,Women's Bantamweight,2,0,0,1612.9536952742412,1612.9536952742412,,
684,2491,Jhonata Diniz,Heavyweight,2,1,0,1551.7538123012555,1592.560640368689,1666.1511272774771,1591.792872542933
685,2492,Chris Padilla,Lightweight,3,0,0,1616.1001249094431,1616.1001249094431,,
686,2493,James Llontop,Lightweight,0,3,0,1392.9950559094862,1500.0,,
687,2494,Mauricio Ruffy,Lightweight,3,0,0,1631.61536952605,1631.61536952605,,
688,2495,Dione Barbosa,Women's Flyweight,1,1,0,1508.396066812575,1540.0,1616.0270997273951,1546.066928332762
689,2496,Ernesta Kareckaite,Women's Flyweight,1,1,0,1503.4703074334589,1503.4703074334589,1718.8360528741766,1578.8483183377102
690,2497,Oumar Sy,Light Heavyweight,2,0,0,1585.5593330198062,1585.5593330198062,,
691,2498,Tuco Tokkos,Light Heavyweight,0,2,0,1418.354028566926,1500.0,1671.6722852831535,1507.0154184176056
692,2499,Mitch Raposo,Flyweight,0,1,0,1464.5849307009837,1500.0,,
693,2500,Puja Tomar,Women's Strawweight,1,1,0,1484.2254395974085,1535.4150692990163,,
694,2501,Carli Judice,Women's Flyweight,1,1,0,1505.4318711633437,1505.4318711633437,2130.613986701841,1724.2456116018177
695,2502,Julia Polastri,Women's Strawweight,1,1,0,1510.0248498605015,1510.0248498605015,1971.5155770305612,1671.5466043700224
696,2503,Antonio Trocoli,Middleweight,0,2,0,1410.6642869556713,1500.0,,
697,2504,Felipe Lima,Featherweight,2,0,0,1604.7034695531445,1604.7034695531445,1637.4426753772314,1616.1621915915748
698,2505,Magomed Gadzhiyasulov,Light Heavyweight,1,1,0,1491.4470956552805,1534.2829506073294,1850.6214353902649,1617.158114562525
699,2506,ChangHo Lee,Bantamweight,1,0,0,1540.0,1540.0,1919.8819747736836,1672.9586911707893
700,2507,Xiao Long,Bantamweight,1,1,0,1511.1936364977073,1511.1936364977073,1962.663912349689,1669.2082330459011
701,2508,Rei Tsuruya,Flyweight,1,1,0,1507.8779649074877,1538.6128929120407,1668.5903857391702,1564.1273121985764
702,2509,Fatima Kline,Women's Flyweight,1,1,0,1523.266245308955,1523.266245308955,1874.426782225882,1646.1724332298795
703,2510,Alice Ardelean,Women's Strawweight,0,2,0,1415.6019921128616,1500.0,,
704,2511,Jordan Vucenic,Lightweight,0,2,0,1422.4448373075568,1500.0,1836.6044483704284,1567.4007011795618
705,2512,Nikolay Veretennikov,Welterweight,0,2,0,1420.568761224677,1500.0,,
706,2513,Quang Le,Bantamweight,0,2,0,1428.3692520741083,1500.0,,
707,2514,Stephanie Luciano,Women's Strawweight,1,1,0,1501.7000633733876,1544.5849307009837,1784.5626592997214,1600.7019719476043
708,2515,Stewart Nicoll,Flyweight,0,1,0,1456.332565803707,1500.0,,
709,2516,Ryan Loder,Middleweight,1,0,0,1550.0,1550.0,,
710,2517,Robert Valentin,Middleweight,0,1,0,1450.0,1500.0,,
711,2518,Mairon Santos,Featherweight,2,0,0,1582.61261716419,1582.61261716419,,
712,2519,Kaan Ofli,Featherweight,0,2,0,1425.0329490559477,1500.0,,
713,2520,Jose Daniel Medina,Middleweight,0,1,0,1459.984494722273,1500.0,1684.8838302479717,1538.6992621562677
714,2521,Wang Cong,Women's Flyweight,2,1,0,1525.8454067471905,1540.591450651591,,
715,2522,Nathan Fletcher,Featherweight,1,1,0,1500.3173287938098,1548.0,1768.0828879715532,1594.03527450602
716,2523,Zygimantas Ramaska,Featherweight,0,1,0,1452.0,1500.0,,
717,2524,Ivan Erslan,Light Heavyweight,0,1,0,1456.814969731234,1500.0,1722.7568903876977,1549.8946419609963
718,2525,Ramazan Temirov,Flyweight,2,0,0,1593.1787648158956,1593.1787648158956,,
719,2526,Sean Sharaf,Heavyweight,0,1,0,1442.2929935485636,1500.0,,
720,2527,Cody Haddon,Bantamweight,1,0,0,1543.9872308569263,1543.9872308569263,1897.935077035415,1667.8689770193973
721,2528,Lucas Rocha,Flyweight,0,1,0,1456.971539521355,1500.0,,
722,2529,Cameron Smotherman,Bantamweight,1,0,0,1541.4466298765276,1541.4466298765276,,
723,2530,Rafael Cerqueira,Light Heavyweight,0,2,0,1411.8814999342362,1500.0,,
724,2531,Carlos Leal,Welterweight,1,1,0,1543.6159956739689,1543.6159956739689,1865.947635002972,1656.43206943912
725,2532,Reinier de Ridder,Middleweight,2,0,0,1620.0109152094974,1620.0109152094974,,
726,2533,Cortavious Romious,Bantamweight,0,1,0,1458.0212479953498,1500.0,1894.8699170073671,1610.918282149556
727,2534,Mansur Abdul-Malik,Middleweight,2,0,0,1588.6916345130517,1588.6916345130517,1807.168385242834,1665.1584972684755
728,2535,Zachary Scroggin,Welterweight,0,1,0,1468.1760769356429,1500.0,,
729,2536,Klaudia Sygula,Women's Bantamweight,0,1,0,1449.6891495475966,1500.0,,
730,2537,Roberto Romero,Lightweight,0,1,0,1470.9105209761992,1500.0,,
731,2538,Ozzy Diaz,Light Heavyweight,1,1,0,1499.661112465643,1500.0,,
732,2539,SuYoung You,Bantamweight,2,0,0,1570.0213480412542,1570.0213480412542,1578.5105841608347,1572.9925806831075
733,2540,Baergeng Jieleyisi,Bantamweight,0,1,0,1460.0,1500.0,1907.6450436219031,1616.675765267666
734,2541,DongHun Choi,Flyweight,1,0,0,1550.0,1550.0,,
735,2542,Kiru Sahota,Flyweight,0,1,0,1450.0,1500.0,,
736,2543,Shi Ming,Women's Strawweight,1,0,0,1550.0,1550.0,,
737,2544,Feng Xiaocan,Women's Strawweight,0,1,0,1450.0,1500.0,,
738,2545,Nyamjargal Tumendemberel,Flyweight,0,1,0,1454.6437728498836,1500.0,,
739,2546,Lone'er Kavanagh,Flyweight,2,0,0,1572.3766952156764,1572.3766952156764,,
740,2547,Jose Ochoa,Flyweight,0,1,0,1460.0,1500.0,,
741,2548,Kai Asakura,Flyweight,0,1,0,1480.8727193491177,1500.0,,
742,2549,Navajo Stirling,Light Heavyweight,1,0,0,1534.5086886493066,1534.5086886493066,,
743,2550,Austin Bashi,Featherweight,0,1,0,1469.041840593386,1500.0,1634.2741237318996,1526.8731396918656
744,2551,Marco Tulio,Middleweight,1,0,0,1542.0169836442894,1542.0169836442894,,
745,2552,Jacobe Smith,Welterweight,1,0,0,1548.206284518133,1548.206284518133,,
746,2553,Nicolle Caliari,Women's Flyweight,0,1,0,1455.4150692990163,1500.0,,
747,2554,Bruno Lopes,Light Heavyweight,1,0,0,1543.9342102072296,1543.9342102072296,,
748,2555,Azamat Bekoev,Middleweight,1,0,0,1554.3439038714755,1554.3439038714755,,
749,2556,Billy Elekana,Light Heavyweight,0,1,0,1459.952151805121,1500.0,,
750,2557,Bogdan Grad,Featherweight,1,0,0,1543.581796696331,1543.581796696331,,
751,2558,Tallison Teixeira,Heavyweight,1,0,0,1550.5254877055145,1550.5254877055145,,
752,2559,Aleksandre Topuria,Bantamweight,1,0,0,1540.0,1540.0,,
753,2560,Colby Thicknesse,Bantamweight,0,1,0,1460.0,1500.0,,
754,2561,Kody Steele,Lightweight,0,1,0,1451.4320893078802,1500.0,,
755,2562,Jonathan Micallef,Welterweight,1,0,0,1545.445968306358,1545.445968306358,,
756,2563,Quillan Salkilld,Lightweight,1,0,0,1550.1790725486871,1550.1790725486871,,
757,2564,Jose Delgado,Featherweight,1,0,0,1543.237471986703,1543.237471986703,,
758,2565,Elijah Smith,Bantamweight,1,0,0,1533.8849844450494,1533.8849844450494,1765.5300601248462,1614.9607609329782
759,2566,Julius Walker,Light Heavyweight,0,1,0,1471.553608300227,1500.0,,
760,2567,Nick Klein,Middleweight,0,1,0,1455.115746725735,1500.0,1670.5388035607946,1530.5138166180059
761,2568,Austin Vanderford,Catch Weight,1,0,0,1546.0678238497037,1546.0678238497037,,
762,2569,Eric McConico,Middleweight,0,1,0,1458.2147939266033,1500.0,,
763,2570,Mario Pinto,Heavyweight,1,0,0,1548.2478059999842,1548.2478059999842,,
764,2571,Djorden Santos,Middleweight,0,1,0,1454.9291660790025,1500.0,,
765,2572,Diyar Nurgozhay,Light Heavyweight,0,1,0,1447.0008534690276,1500.0,,
766,2573,Kevin Vallejos,Featherweight,1,0,0,1543.0794214886985,1543.0794214886985,,
767,2574,Josias Musasa,Bantamweight,0,1,0,1448.597177233093,1500.0,,
768,2575,Yuneisy Duben,Women's Flyweight,0,1,0,1444.3916841515452,1500.0,,
769,2576,Alexia Thainara,Women's Strawweight,1,0,0,1548.414986756562,1548.414986756562,,
770,2577,Andrey Pulyaev,Middleweight,0,1,0,1466.6163722814638,1500.0,,
