id,fighter_id,name,weightclass,wins,losses,draws,currentElo,maxElo
0,229,Andrei Arlovski,Heavyweight,24,18,0,1546.225192219299,1822.172806511661
1,268,Robbie Lawler,Welterweight,15,10,0,1726.9283703813562,1837.5151598006803
2,408,Ed Herman,Middleweight,13,13,0,1545.158018890083,1611.5416754652774
3,457,Clay Guida,Lightweight,18,19,0,1516.7010812441413,1678.738031945633
4,581,Matt Brown,Welterweight,17,13,0,1645.074721215023,1729.876447354755
5,596,Jon Jones,Light Heavyweight,22,2,0,2098.4185824643887,2098.4185824643887
6,607,Jim Miller,Lightweight,28,17,0,1708.9591844208733,1778.9147331369509
7,612,Rafael Dos Anjos,Lightweight,21,15,0,1707.9586485445263,1849.011405720356
8,723,Darren Elkins,Lightweight,19,10,0,1664.9065192630555,1746.1888887149978
9,735,Court McGee,Middleweight,11,12,0,1503.8015947069728,1630.6426473118556
10,740,Brad Tavares,Middleweight,15,10,0,1595.4710718869358,1703.7439081366715
11,750,Charles Oliveira,Lightweight,23,11,0,1873.667971526327,1897.7305011573592
12,773,Edson Barboza,Lightweight,18,12,0,1679.4959955990216,1751.6020972508145
13,777,Michael Johnson,Lightweight,15,15,0,1561.5956353668598,1677.9140063308475
14,791,John Makdessi,Lightweight,11,9,0,1553.441488812619,1607.2660779665907
15,792,Dustin Poirier,Featherweight,22,9,0,1841.5376781084688,1890.49885190834
16,796,Rani Yahya,Featherweight,14,6,1,1628.9637659303148,1704.3179557345209
17,812,Chris Weidman,Middleweight,12,8,0,1679.8751952251955,1979.6315954329168
18,827,Chan Sung Jung,Featherweight,7,5,0,1688.7405048100925,1735.9604069679535
19,829,Alex Caceres,Featherweight,17,13,0,1598.663871439802,1634.250443058279
20,832,Jose Aldo,Featherweight,14,8,0,1782.205273551233,1910.9877010772063
21,838,Tony Ferguson,Welterweight,15,9,0,1667.9941195877868,1942.314109910704
22,881,Stipe Miocic,Heavyweight,14,5,0,1942.726219067099,2010.385252303363
23,886,Dustin Jacoby,Middleweight,8,6,1,1604.864964479718,1656.9744173285858
24,893,Cub Swanson,Featherweight,15,10,0,1650.3694593989408,1734.292758882077
25,924,Daniel Pineda,Featherweight,5,9,0,1456.7481823139797,1599.1888210274967
26,929,Max Holloway,Featherweight,22,8,0,1926.7158044441023,1962.753042000792
27,932,Stephen Thompson,Welterweight,12,8,1,1686.1715183700085,1792.7813041054894
28,936,Tim Means,Lightweight,15,15,0,1513.0619060784202,1648.5515439437795
29,956,Tim Elliott,Flyweight,9,11,0,1525.2221598360572,1539.4108141963145
30,962,Michael Chiesa,Lightweight,13,7,0,1726.6041075300243,1757.1902128568356
31,1009,Gunnar Nelson,Catch Weight,10,6,0,1676.067786509237,1714.0274070972516
32,1017,Robert Whittaker,Welterweight,17,6,0,1833.7270968588173,1878.4182263663208
33,1030,Vinc Pichel,Lightweight,7,4,0,1598.302731296506,1674.7891093819494
34,1039,King Green,Lightweight,14,12,1,1605.3811704437544,1673.429203880472
35,1045,Neil Magny,Welterweight,22,12,0,1689.7137831108885,1778.9481457154116
36,1051,Kyung Ho Kang,Bantamweight,8,6,0,1574.6076160745542,1649.862948561277
37,1057,Ilir Latifi,Light Heavyweight,9,7,0,1591.724437252543,1667.8723868941404
38,1065,Kelvin Gastelum,Middleweight,13,10,0,1669.5560503143488,1767.0198245278166
39,1068,Miesha Tate,Women's Bantamweight,7,6,0,1586.7536604550444,1646.9786948574936
40,1082,Jorge Masvidal,Lightweight,12,10,0,1711.359499817534,1772.6295877467262
41,1086,Ovince Saint Preux,Light Heavyweight,15,13,0,1560.193644349224,1709.8644770049748
42,1090,Kurt Holobaugh,Featherweight,2,6,0,1413.971480366906,1500.0
43,1104,Anthony Smith,Middleweight,13,11,0,1650.3535728704398,1756.4686288761511
44,1111,Jessica Andrade,Women's Bantamweight,17,11,0,1684.6069355319955,1751.1273212480737
45,1113,Germaine de Randamie,Women's Bantamweight,7,3,0,1687.409274692894,1725.733869909964
46,1117,Amanda Nunes,Women's Bantamweight,16,2,0,1928.579756949108,1946.7088342985808
47,1122,Zak Cummings,Welterweight,10,4,0,1686.234755832714,1686.234755832714
48,1141,Andre Fili,Featherweight,13,11,0,1561.284376998899,1617.1704893921335
49,1146,Santiago Ponzinibbio,Welterweight,12,7,0,1684.0548960718531,1780.315448968016
50,1152,Julianna Pena,Women's Bantamweight,8,3,0,1759.59423612932,1759.59423612932
51,1155,Davey Grant,Bantamweight,7,6,0,1589.4765914879008,1596.5958680237254
52,1158,Raquel Pennington,Women's Bantamweight,13,6,0,1706.216441217803,1729.284055111351
53,1163,Drew Dober,Welterweight,13,11,0,1616.966160510071,1683.0884247789006
54,1191,Beneil Dariush,Lightweight,16,6,1,1757.7109264819592,1819.0063141492967
55,1195,Kevin Lee,Lightweight,11,8,0,1651.8009704853748,1770.7960722731202
56,1203,Douglas Silva de Andrade,Featherweight,7,6,0,1564.9018106561764,1596.7848384887084
57,1205,Pedro Munhoz,Bantamweight,12,10,0,1659.9277111147535,1744.2062601618377
58,1206,Aljamain Sterling,Bantamweight,16,5,0,1879.3949476969472,1942.193775719123
59,1207,Cody Gibson,Bantamweight,3,6,0,1434.911642890922,1514.5457013393377
60,1222,Sean Strickland,Middleweight,16,7,0,1775.3930317743657,1792.3859457986127
61,1245,Derrick Lewis,Heavyweight,19,10,0,1728.9101152856356,1818.131322235423
62,1250,Aaron Phillips,Featherweight,0,4,0,1358.7141286507149,1500.0
63,1251,Li Jingliang,Welterweight,11,7,0,1646.0720413253923,1712.3269652196775
64,1260,Warlley Alves,Middleweight,8,8,0,1509.6429735228724,1695.7900477994604
65,1265,Marcos Rogerio de Lima,Heavyweight,11,7,0,1628.945368226943,1630.487175388758
66,1276,Jake Matthews,Lightweight,14,7,0,1661.2898694615026,1667.1888622243816
67,1280,Dan Hooker,Featherweight,14,8,0,1721.0068328709108,1752.6459759812228
68,1284,Diego Ferreira,Lightweight,10,6,0,1679.9126829185138,1754.0685916280906
69,1288,Rob Font,Bantamweight,12,7,0,1730.878066814048,1746.6544079587002
70,1310,Brian Ortega,Featherweight,8,5,0,1733.1563596704982,1780.7190194579712
71,1313,Gilbert Burns,Welterweight,15,8,0,1739.7367822226702,1815.017631705616
72,1328,Colby Covington,Welterweight,12,5,0,1796.8750290599814,1855.632677455648
73,1337,Damon Jackson,Lightweight,6,7,1,1529.2539121734162,1618.144255403491
74,1347,Jan Blachowicz,Light Heavyweight,12,8,1,1776.876429370814,1833.3346434042087
75,1355,Christos Giagos,Lightweight,6,8,0,1461.6206007449362,1556.575851382261
76,1357,Leon Edwards,Welterweight,15,4,0,1908.0769529597364,1981.6956320545155
77,1365,Yair Rodriguez,Featherweight,11,4,0,1782.2089276895726,1851.1123736488064
78,1369,Gabriel Benitez,Featherweight,7,8,0,1467.3249349826517,1613.6034249886045
79,1374,Marlon Vera,Bantamweight,15,9,0,1749.2122312925628,1787.6601957005591
80,1378,Dooho Choi,Featherweight,5,3,1,1595.6941736081349,1643.1097469453755
81,1380,Ashlee Evans-Smith,Women's Bantamweight,3,6,0,1402.3674740222302,1548.4930360142575
82,1381,Carla Esparza,Women's Strawweight,10,6,0,1671.0376892262373,1740.0341719562052
83,1382,Rose Namajunas,Women's Strawweight,11,6,0,1763.2402469380547,1831.8456312659785
84,1383,Jessica Penne,Women's Strawweight,3,6,0,1411.0460979891322,1540.0
85,1389,Joanne Wood,Women's Strawweight,9,8,0,1526.300186043825,1580.0433789699027
86,1391,Tecia Pennington,Women's Strawweight,10,7,0,1600.2824773573625,1658.8612126230391
87,1395,Angela Hill,Women's Strawweight,13,14,0,1558.735959368345,1558.735959368345
88,1398,Bryan Barberena,Lightweight,9,10,0,1531.2312614321402,1639.709568637049
89,1399,Henry Cejudo,Bantamweight,10,5,0,1816.888583236608,1914.8834932217328
90,1402,Renato Moicano,Featherweight,12,6,0,1737.7204921847483,1753.0310352588524
91,1403,Jake Collier,Middleweight,5,9,0,1406.291234593036,1500.0
92,1404,Cody Garbrandt,Bantamweight,9,6,0,1651.7864606358255,1783.9143279376997
93,1405,Jared Cannonier,Heavyweight,11,8,0,1734.989892105612,1766.964095336208
94,1415,Holly Holm,Women's Bantamweight,9,7,0,1608.7753519700177,1687.5603596115384
95,1424,Maryna Moroz,Women's Strawweight,6,6,0,1496.7877101460574,1601.688279157063
96,1432,Taylor Lapilus,Featherweight,6,2,0,1625.442662405034,1625.442662405034
97,1438,Islam Makhachev,Lightweight,16,1,0,2061.93082175515,2061.93082175515
98,1441,Nicolas Dalby,Welterweight,8,4,1,1661.4013569704225,1693.213500629954
99,1442,Elizeu Zaleski dos Santos,Welterweight,11,5,1,1649.2502886036823,1732.7647311745347
100,1447,Arnold Allen,Featherweight,11,2,0,1786.4194751153725,1815.9442598236008
101,1455,Kamaru Usman,Welterweight,15,3,0,1932.827040073187,2045.8264500192809
102,1458,Vicente Luque,Welterweight,16,6,0,1790.4884530296313,1861.875310302
103,1459,Michelle Waterson-Gomez,Women's Strawweight,6,9,0,1461.8038851210445,1626.334156263873
104,1479,Joaquim Silva,Lightweight,6,5,0,1533.4875822103927,1621.0194200597653
105,1485,Matheus Nicolau,Bantamweight,7,4,0,1569.46238776155,1693.9289417324526
106,1497,Danny Roberts,Welterweight,7,7,0,1493.0704392145376,1595.2417461718412
107,1502,Julian Erosa,Lightweight,8,7,0,1570.312369711647,1570.312369711647
108,1507,Karolina Kowalkiewicz,Women's Strawweight,9,9,0,1520.8347295914916,1620.623714308654
109,1508,Valentina Shevchenko,Women's Bantamweight,13,3,1,1866.2533196209847,1899.0508263937809
110,1511,Alex Morono,Welterweight,14,9,0,1582.7284576795942,1696.7242006437452
111,1518,Randy Brown,Welterweight,13,6,0,1720.5727763437276,1745.165369332237
112,1522,Mickey Gall,Welterweight,6,7,0,1449.417625675119,1633.0516891237185
113,1532,Curtis Blaydes,Heavyweight,13,6,0,1779.9188275270722,1821.74301633688
114,1533,Marcin Tybura,Heavyweight,14,8,0,1703.244629768933,1703.244629768933
115,1535,Damir Hadzovic,Lightweight,4,6,0,1466.3588052448335,1583.8955714544925
116,1543,Josh Emmett,Lightweight,10,4,0,1745.2131174225087,1771.974895448453
117,1550,Ion Cutelaba,Light Heavyweight,8,9,1,1534.669820235057,1592.346426470149
118,1552,Belal Muhammad,Welterweight,15,4,0,1874.8192218143936,1874.8192218143936
119,1554,Khalil Rountree Jr.,Light Heavyweight,10,6,0,1656.7371097436,1676.4201840744956
120,1555,Tatiana Suarez,Women's Strawweight,7,1,0,1751.0759960812302,1776.9926686132749
121,1560,Lando Vannata,Lightweight,4,7,2,1465.9286351915086,1538.8838823805131
122,1561,Katlyn Cerminara,Women's Bantamweight,11,6,0,1642.0473882397737,1690.452324352053
123,1564,Devin Clark,Middleweight,8,9,0,1476.421228834134,1550.4590098908973
124,1573,Chase Sherman,Heavyweight,4,11,0,1361.0153497735864,1500.0
125,1577,Max Griffin,Welterweight,8,9,0,1588.3523585711755,1614.3698871975016
126,1578,Marvin Vettori,Middleweight,9,6,1,1681.554982020921,1730.9107730274754
127,1584,Veronica Hardy,Women's Bantamweight,4,5,0,1506.523713909211,1542.147612812983
128,1586,Jack Hermansson,Middleweight,11,6,0,1686.7355175747678,1723.0345348445694
129,1590,Ricky Glenn,Lightweight,4,6,1,1473.348041920506,1584.476539539039
130,1595,Brandon Moreno,Flyweight,10,5,2,1779.784107626978,1831.8405921131791
131,1597,Ketlen Vieira,Women's Bantamweight,8,4,0,1614.6387726581877,1652.861275816274
132,1598,Marc Diakiese,Lightweight,8,7,0,1515.256578939974,1617.484470593994
133,1601,Claudio Puelles,Lightweight,5,3,0,1571.981511455877,1653.5808592814794
134,1602,Alexa Grasso,Women's Strawweight,8,4,1,1717.9838770123995,1737.944153998123
135,1603,Alexander Volkov,Heavyweight,12,5,0,1789.7981794766752,1811.4132034276413
136,1608,Abdul Razak Alhassan,Welterweight,7,7,0,1505.822880967707,1634.9107412132587
137,1612,Alexander Volkanovski,Lightweight,13,3,0,1926.2530931497884,2015.439051002733
138,1613,Tyson Pedro,Light Heavyweight,6,5,0,1536.7192073221893,1594.1444972846282
139,1615,Matt Schnell,Bantamweight,7,7,0,1495.9054613102212,1611.5068081436254
140,1618,Ashley Yoder,Women's Strawweight,3,8,0,1373.3485990070242,1500.0
141,1620,Gerald Meerschaert,Middleweight,12,10,0,1582.0198980422415,1630.714945199133
142,1623,JJ Aldrich,Women's Strawweight,10,6,0,1568.7728551708144,1608.97844854322
143,1626,Paul Craig,Light Heavyweight,9,9,1,1571.4734993115742,1676.9429377663562
144,1627,Irene Aldana,Women's Bantamweight,8,6,0,1643.1761989229633,1669.2121597290354
145,1628,Niko Price,Welterweight,8,10,0,1527.5170568383182,1621.647819669536
146,1629,Drakkar Klose,Lightweight,9,3,0,1674.0570333986657,1716.352126669662
147,1634,Alexandre Pantoja,Flyweight,13,3,0,1835.0951011962304,1835.0951011962304
148,1636,Volkan Oezdemir,Light Heavyweight,8,7,0,1639.6091062670637,1672.5563280620609
149,1638,Ricardo Ramos,Bantamweight,8,6,0,1527.9388617182572,1634.8111562541194
150,1639,Gavin Tucker,Featherweight,4,3,0,1529.7851760212232,1622.1412679466985
151,1641,Aiemann Zahabi,Bantamweight,6,2,0,1663.4337112609562,1663.4337112609562
152,1642,Cynthia Calvillo,Women's Strawweight,6,6,1,1482.7838407658105,1659.9798584799237
153,1646,Paulo Costa,Middleweight,6,4,0,1661.5843994023091,1734.6967565692496
154,1647,Lucie Pudilova,Women's Bantamweight,3,8,0,1373.992448046875,1542.1038821083118
155,1656,Brian Kelleher,Bantamweight,8,9,0,1472.6070754825578,1619.115363301177
156,1657,Deiveson Figueiredo,Flyweight,13,4,1,1822.134434860145,1854.029124511163
157,1665,Ji Yeon Kim,Women's Bantamweight,3,7,0,1378.195550527662,1544.6090524647027
158,1666,Dominick Reyes,Light Heavyweight,8,4,0,1688.8786853007414,1757.7933569467991
159,1667,Jared Gordon,Featherweight,8,7,0,1570.6606645381776,1605.756493537978
160,1669,Justin Gaethje,Lightweight,9,5,0,1811.195939309585,1823.012696765888
161,1672,Cody Stamann,Featherweight,7,7,1,1516.3328793983069,1666.831421823532
162,1674,Trevin Giles,Light Heavyweight,7,7,0,1479.0788036378672,1628.4244660758525
163,1681,Amanda Lemos,Women's Bantamweight,9,4,0,1687.1451030231256,1703.5873892811378
164,1682,Eryk Anders,Middleweight,10,8,0,1595.4330095699638,1600.642562904256
165,1685,Calvin Kattar,Featherweight,7,7,0,1622.742079550816,1725.4218703572278
166,1693,Aleksandar Rakic,Light Heavyweight,6,4,0,1624.5688611760002,1715.3165461300978
167,1698,Alex Reyes,Welterweight,0,3,0,1388.467100114205,1500.0
168,1708,Nasrat Haqparast,Lightweight,10,4,0,1683.1980863376666,1683.1980863376666
169,1714,Jessica-Rose Clark,Women's Flyweight,4,5,0,1421.2440618256728,1578.3353698501603
170,1715,Shane Young,Catch Weight,2,5,0,1393.8463895529012,1549.2216864671095
171,1716,Tai Tuivasa,Heavyweight,8,8,0,1576.2383009906307,1724.3960388986034
172,1720,Muslim Salikhov,Welterweight,8,4,0,1676.3867916741417,1697.63660074357
173,1722,Song Kenan,Welterweight,6,5,0,1512.8648311824395,1610.4027877004726
174,1723,Yan Xiaonan,Women's Strawweight,9,3,0,1693.9164265083673,1693.9164265083673
175,1724,Song Yadong,Featherweight,11,3,1,1779.677902446908,1779.677902446908
176,1730,Sean O'Malley,Bantamweight,10,3,0,1811.3121005675423,1842.0818184323923
177,1734,Montana De La Rosa,Women's Flyweight,6,5,1,1542.163292047616,1634.5752251112217
178,1740,Gillian Robertson,Women's Flyweight,12,6,0,1645.8759471500566,1645.8759471500566
179,1745,Alex Perez,Bantamweight,7,5,0,1603.4970623172037,1688.4234944635778
180,1746,Merab Dvalishvili,Bantamweight,12,2,0,1882.7518701314389,1882.7518701314389
181,1747,Julian Marquez,Middleweight,3,5,0,1392.3409081159652,1578.8122059491084
182,1748,Michal Oleksiejczuk,Light Heavyweight,7,8,0,1531.6681450471951,1614.8392482706672
183,1750,Matt Frevola,Lightweight,5,5,1,1545.7415122819652,1621.9647368212168
184,1752,Julio Arce,Featherweight,6,4,0,1581.025278659583,1581.025278659583
185,1753,Dan Ige,Featherweight,10,8,0,1638.4158329676,1700.5644980002576
186,1755,Cory Sandhagen,Featherweight,10,4,0,1790.7769788195667,1826.838895159177
187,1757,Priscila Cachoeira,Women's Flyweight,5,6,0,1504.9802786034047,1533.0255068034048
188,1758,Polyana Viana,Women's Strawweight,4,6,0,1443.476857519624,1548.0
189,1760,Israel Adesanya,Middleweight,13,5,0,1840.836297131304,1979.5060790466484
190,1763,Geoff Neal,Welterweight,8,4,0,1724.098732861318,1747.932590403536
191,1765,Marcin Prachnio,Light Heavyweight,4,6,0,1438.2496298084243,1500.0
192,1767,Yana Santos,Women's Featherweight,5,5,0,1524.359092926388,1586.6266677539777
193,1768,Mackenzie Dern,Women's Strawweight,10,5,0,1651.4150690883473,1672.6323906534612
194,1769,Alexander Hernandez,Lightweight,8,7,0,1569.1624817216689,1642.648763681975
195,1772,Hakeem Dawodu,Featherweight,6,4,0,1571.7750068001474,1644.829884916922
196,1773,Magomed Ankalaev,Light Heavyweight,13,1,1,1906.789086240169,1906.789086240169
197,1779,Ricky Simon,Bantamweight,9,5,0,1664.067128539126,1740.023659159048
198,1780,Andrea Lee,Women's Flyweight,5,9,0,1437.3493498486237,1614.2013401977429
199,1783,Molly McCann,Women's Flyweight,7,7,0,1468.3245424394331,1594.9469920976785
200,1786,Nathaniel Wood,Bantamweight,9,3,0,1664.6359495903046,1664.6359495903046
201,1789,Petr Yan,Bantamweight,10,4,0,1790.8715417913568,1825.892640274128
202,1793,Brad Katona,Featherweight,4,4,0,1492.0311832923762,1592.62833939233
203,1799,Bryce Mitchell,Featherweight,8,2,0,1682.9321096635013,1706.9414265047074
204,1801,Blagoy Ivanov,Heavyweight,3,5,0,1526.6867348970682,1588.193648860411
205,1802,Said Nurmagomedov,Flyweight,7,3,0,1655.8370101461142,1708.8796012950434
206,1803,Raoni Barcelos,Featherweight,8,4,0,1612.7054514609094,1685.506883201357
207,1804,Jennifer Maia,Women's Flyweight,6,6,0,1566.4197060777483,1599.670549376411
208,1806,Abu Azaitar,Middleweight,1,2,0,1444.9172908379562,1543.0323758966065
209,1812,Kevin Holland,Middleweight,15,10,0,1661.8728192515937,1734.518307313969
210,1813,Montel Jackson,Bantamweight,8,2,0,1717.4891302512503,1717.4891302512503
211,1815,Zhang Weili,Women's Strawweight,10,2,0,1886.909365336272,1886.909365336272
212,1822,Marina Rodriguez,Women's Strawweight,7,5,2,1593.7550433237477,1700.241804021965
213,1823,Ryan Spann,Light Heavyweight,8,6,0,1578.3335798008118,1695.417920855362
214,1825,Mayra Bueno Silva,Women's Flyweight,5,6,1,1512.6856905773484,1620.5173707279805
215,1828,Jalin Turner,Welterweight,7,6,0,1592.8955994501707,1682.2768025393996
216,1829,Jonathan Martinez,Bantamweight,10,5,0,1680.5272879177537,1736.7094906504665
217,1833,Thiago Moises,Lightweight,8,6,0,1606.17387983639,1614.721583944918
218,1834,Maycee Barber,Women's Strawweight,9,2,0,1733.7796691250624,1733.7796691250624
219,1838,Johnny Walker,Light Heavyweight,7,7,0,1596.5505427229757,1679.7855533428674
220,1843,Sergei Pavlovich,Heavyweight,7,3,0,1736.7633987162458,1779.6930796657691
221,1844,Vince Morales,Bantamweight,3,7,0,1420.205109514242,1522.1793005994252
222,1846,Sumudaerji,Bantamweight,3,4,0,1449.727405533394,1563.887885363934
223,1849,Macy Chiasson,Women's Featherweight,8,3,0,1656.0467953404063,1656.0467953404063
224,1850,Pannie Kianzad,Women's Featherweight,5,6,0,1489.337729172914,1582.14338596377
225,1851,Edmen Shahbazyan,Middleweight,7,5,0,1568.2269598081389,1670.9990948937511
226,1857,Julija Stoliarenko,Women's Featherweight,2,6,0,1407.7441117076737,1500.0
227,1858,Roosevelt Roberts,Lightweight,5,5,0,1492.4942397437164,1617.2369971689034
228,1859,Chris Gutierrez,Bantamweight,9,3,1,1700.1284733551222,1721.5296895563472
229,1860,Sodiq Yusuff,Featherweight,6,3,0,1617.335626119252,1700.593463217835
230,1862,Jimmy Crute,Light Heavyweight,4,4,2,1528.986673752703,1641.160846513453
231,1863,Kai Kara-France,Flyweight,8,4,0,1642.7239505228845,1667.0928335740746
232,1864,Damir Ismagulov,Lightweight,5,2,0,1601.8549599502771,1657.922648064647
233,1866,Kyle Nelson,Lightweight,4,5,1,1519.8041051659764,1553.1318965303913
234,1872,Ariane da Silva,Women's Flyweight,6,7,0,1511.1518044414988,1565.132240783042
235,1873,Alonzo Menifield,Light Heavyweight,9,5,1,1621.7829072508894,1679.558992827436
236,1875,Mario Bautista,Bantamweight,9,2,0,1743.6015949278135,1743.6015949278135
237,1878,Anthony Hernandez,Middleweight,8,2,0,1759.4402652336196,1759.4402652336196
238,1879,Taila Santos,Women's Flyweight,4,3,0,1591.4292943118007,1628.6994778671474
239,1880,Jairzinho Rozenstruik,Heavyweight,9,6,0,1676.014252656919,1723.5710777122256
240,1887,Kron Gracie,Featherweight,1,3,0,1451.7577571794247,1552.268996438716
241,1889,Ismail Naurdiev,Welterweight,3,2,0,1568.250034301686,1568.250034301686
242,1890,Joel Alvarez,Lightweight,7,2,0,1722.3398873364245,1722.3398873364245
243,1892,Grant Dawson,Featherweight,11,1,1,1795.27869600442,1795.27869600442
244,1898,Kennedy Nzechukwu,Light Heavyweight,8,5,0,1609.8585405919027,1623.320945567059
245,1904,Arman Tsarukyan,Lightweight,9,2,0,1808.3921791165408,1808.3921791165408
246,1906,Movsar Evloev,Featherweight,9,0,0,1820.8777897863324,1820.8777897863324
247,1907,SeungWoo Choi,Featherweight,4,7,0,1404.4682529299278,1549.324675577835
248,1909,Rafael Fiziev,Lightweight,6,4,0,1641.5310803385953,1736.452669183954
249,1911,Takashi Sato,Welterweight,2,5,0,1425.4830957742986,1560.3990741861353
250,1912,Virna Jandiroba,Women's Strawweight,7,3,0,1693.2681608896105,1693.2681608896105
251,1913,Mike Davis,Lightweight,4,2,0,1589.3137322497553,1621.8930297277363
252,1914,Serghei Spivac,Heavyweight,8,5,0,1658.5283610607487,1692.2915970625145
253,1915,Marc-Andre Barriault,Middleweight,6,8,0,1464.0360260959085,1568.2024143442195
254,1918,Luana Carolina,Women's Flyweight,6,3,0,1561.7646838309663,1561.7646838309663
255,1920,Viviane Araujo,Women's Bantamweight,7,5,0,1596.841567431702,1610.0811849801644
256,1923,Austin Hubbard,Lightweight,4,6,0,1453.321605666872,1526.6361237954566
257,1924,Charles Jourdain,Lightweight,7,7,1,1559.350380980895,1586.5782971970957
258,1925,Michel Pereira,Welterweight,9,3,0,1715.3731148950617,1761.571762173117
259,1934,Journey Newson,Bantamweight,1,5,0,1372.548187879634,1500.0
260,1937,Amanda Ribas,Women's Strawweight,7,5,0,1581.3836361797487,1662.8024704393683
261,1939,Julia Avila,Women's Bantamweight,3,3,0,1491.7682030350186,1571.3532970126105
262,1940,Wellington Turman,Middleweight,3,6,0,1431.581099898891,1515.7391059458655
263,1948,Hannah Goldy,Women's Flyweight,1,4,0,1399.4002778251063,1500.0
264,1950,Rodolfo Vieira,Middleweight,5,3,0,1586.3046786065634,1619.322797654943
265,1951,Ciryl Gane,Heavyweight,10,2,0,1872.171750641863,1872.171750641863
266,1955,Mizuki,Women's Flyweight,2,1,0,1528.856120831032,1541.3942593045033
267,1956,JunYong Park,Middleweight,8,3,0,1646.3202973874966,1649.4323222386588
268,1957,Da Woon Jung,Light Heavyweight,4,4,1,1504.341910419011,1666.6142349034517
269,1959,Alatengheili,Bantamweight,5,2,1,1598.805692656495,1601.5335879758177
270,1960,Batgerel Danaa,Bantamweight,3,4,0,1469.1385622048044,1586.0816258184195
271,1961,Karol Rosa,Women's Bantamweight,7,4,0,1564.400500249123,1626.081679456668
272,1963,Lerone Murphy,Featherweight,7,0,1,1756.550243484641,1756.550243484641
273,1965,Ottman Azaitar,Lightweight,2,3,0,1448.5648697418735,1602.4184197012007
274,1966,Fares Ziam,Lightweight,7,2,0,1675.747904526595,1675.747904526595
275,1968,Miles Johns,Bantamweight,6,4,0,1551.8185102950122,1584.727874140004
276,1972,Ariane Carnelossi,Women's Strawweight,3,2,0,1541.297643134549,1542.9480809181905
277,1973,Tyson Nam,Flyweight,3,5,0,1478.3847059291004,1555.6973004696242
278,1974,Mark Madsen,Lightweight,4,2,0,1570.8567373072344,1660.2048170383628
279,1975,Makhmud Muradov,Middleweight,4,3,0,1543.9036672123016,1631.392048050138
280,1976,Giga Chikadze,Featherweight,8,2,0,1711.2288773279265,1755.1196584647369
281,1977,Jack Shore,Bantamweight,6,3,0,1573.9266715332722,1670.0715846167543
282,1979,Justin Tafa,Heavyweight,4,6,0,1463.1573378511368,1534.3782646028976
283,1982,Jamie Mullarkey,Lightweight,5,6,0,1478.9751387441663,1570.3071533462798
284,1983,Zarah Fairn,Women's Featherweight,0,4,0,1363.6817137609346,1500.0
285,1984,Bruno Silva,Bantamweight,8,10,0,1526.328625416504,1628.1538405045353
286,1985,Miguel Baeza,Welterweight,3,4,0,1476.520499939051,1646.3456200557628
287,1987,Jonathan Pearce,Lightweight,5,4,0,1546.4915361448395,1676.1563878796455
288,1988,Diana Belbita,Women's Flyweight,2,5,0,1394.936787554589,1500.0
289,1989,Sean Woodson,Featherweight,7,1,1,1681.8190379363875,1681.8190379363875
290,1990,Sean Brady,Welterweight,8,1,0,1813.0001835954367,1813.0001835954367
291,1991,Brendan Allen,Middleweight,12,4,0,1751.0243407068365,1811.63299191601
292,1992,Tanner Boser,Heavyweight,5,5,0,1510.0123640370164,1587.0765374481891
293,1993,Don'Tale Mayes,Heavyweight,5,6,0,1478.9817876090212,1559.5666671505644
294,1994,Loma Lookboonmee,Women's Strawweight,6,2,0,1609.4522709847506,1609.4522709847506
295,1996,Roman Kopylov,Middleweight,6,3,0,1645.0176220600963,1645.0176220600963
296,1997,Abubakar Nurmagomedov,Welterweight,2,2,0,1500.3597228741746,1521.3017588692287
297,1998,Andre Muniz,Middleweight,6,2,0,1661.8462488748817,1722.766372153799
298,2001,Tracy Cortez,Women's Bantamweight,5,1,0,1640.928716590505,1665.1654620933484
299,2002,Billy Quarantillo,Featherweight,6,5,0,1535.5682258587944,1633.4334247269635
300,2004,Joe Solecki,Lightweight,5,4,0,1548.0871206302556,1649.2791321445973
301,2006,Chase Hooper,Featherweight,7,3,0,1638.3341375843106,1638.3341375843106
302,2007,Punahele Soriano,Middleweight,5,4,0,1544.918319326351,1596.0505979600437
303,2009,Ode Osbourne,Bantamweight,4,6,0,1421.5435207549554,1531.3059655039635
304,2010,Aleksa Camur,Light Heavyweight,1,3,0,1421.2393273681694,1542.457349772978
305,2011,Jamahal Hill,Light Heavyweight,7,3,0,1697.969303615647,1779.449462850797
306,2013,Herbert Burns,Featherweight,2,4,0,1413.171470933171,1602.3955464180542
307,2014,Nate Landwehr,Featherweight,5,4,0,1553.646887959682,1600.341539450179
308,2015,Khaos Williams,Welterweight,6,3,0,1637.043289748578,1685.3842949244754
309,2016,Youssef Zalal,Featherweight,7,3,1,1640.5863144192776,1640.5863144192776
310,2017,Austin Lingo,Featherweight,2,3,0,1456.2931935067145,1540.173941161173
311,2019,Daniel Rodriguez,Welterweight,8,4,0,1648.8256089616175,1731.1829849931785
312,2021,Josh Culibao,Lightweight,3,4,1,1484.564575110759,1583.50654228966
313,2022,Norma Dumont,Women's Featherweight,8,2,0,1711.5158171392618,1711.5158171392618
314,2024,Kyler Phillips,Bantamweight,6,2,0,1652.6524726005566,1684.7767660715035
315,2025,Steve Garcia,Lightweight,6,2,0,1675.7748481324725,1675.7748481324725
316,2026,TJ Brown,Featherweight,3,5,0,1442.2966925687606,1507.5575797107938
317,2029,Jamall Emmers,Featherweight,3,4,0,1477.7109463411375,1517.4195995946027
318,2030,David Dvorak,Flyweight,3,3,0,1495.3993199817755,1608.238953524742
319,2031,Philipe Lins,Heavyweight,4,2,0,1592.8503247099115,1592.8503247099115
320,2034,Rodrigo Nascimento,Heavyweight,4,4,0,1525.4986066652125,1586.2990303131671
321,2035,Gabe Green,Welterweight,2,3,0,1480.5093825813187,1556.3550884232886
322,2036,Brandon Royval,Flyweight,7,3,0,1708.5295086282592,1708.5295086282592
323,2037,Mariya Agapova,Women's Flyweight,2,4,0,1421.3505293961614,1540.1939794683171
324,2047,Jinh Yu Frey,Women's Strawweight,2,6,0,1368.5249993501516,1500.0
325,2048,Jiri Prochazka,Light Heavyweight,5,2,0,1751.0657974336204,1751.0657974336204
326,2050,Maxim Grishin,Heavyweight,2,3,0,1484.9093703528488,1519.8395416405162
327,2051,Zhalgas Zhumagulov,Flyweight,1,6,0,1352.8599611285647,1500.0
328,2053,Khamzat Chimaev,Middleweight,8,0,0,1869.0957480098728,1869.0957480098728
329,2054,Modestas Bukauskas,Light Heavyweight,5,4,0,1549.7922452928435,1550.0
330,2056,Roman Dolidze,Light Heavyweight,9,3,0,1744.3997935429595,1744.3997935429595
331,2057,Amir Albazi,Bantamweight,5,1,0,1658.588580445251,1686.178575707981
332,2058,Malcolm Gordon,Bantamweight,2,5,0,1390.619139235181,1510.2173590745929
333,2060,Rhys McKee,Welterweight,0,4,0,1370.2133220448943,1500.0
334,2061,Jai Herbert,Lightweight,3,5,1,1474.9424370908423,1500.0
335,2062,Tom Aspinall,Heavyweight,8,1,0,1863.863678510532,1863.863678510532
336,2064,John Castaneda,Bantamweight,4,3,0,1566.5492075856162,1598.5918689915254
337,2065,Nate Maness,Featherweight,5,2,0,1601.5955040016208,1629.1241100531388
338,2066,Johnny Munoz,Featherweight,2,4,0,1432.3178704262682,1507.548739921647
339,2068,Cody Durden,Bantamweight,6,5,1,1524.713083178801,1594.8262229408838
340,2069,Joaquin Buckley,Middleweight,11,4,0,1780.2188418720923,1780.2188418720923
341,2070,Alexander Munoz,Lightweight,1,2,0,1475.173473016761,1500.0
342,2074,Chris Daukaus,Heavyweight,4,4,0,1537.176230087145,1689.7830136295688
343,2075,Parker Porter,Heavyweight,4,4,0,1465.337312787215,1559.2917521551624
344,2079,Matthew Semelsberger,Welterweight,5,6,0,1473.1185251577333,1626.7995557781437
345,2083,Bill Algeo,Featherweight,5,5,0,1513.1561465619038,1611.152190722854
346,2088,Alexandr Romanov,Heavyweight,7,3,0,1632.5899401906238,1686.579916375154
347,2093,Ludovit Klein,Featherweight,7,2,1,1662.8645469877015,1662.8645469877015
348,2097,Dusko Todorovic,Middleweight,3,5,0,1414.9005667368206,1536.4833210572017
349,2098,Nassourdine Imavov,Middleweight,9,2,0,1822.6396331175984,1822.6396331175984
350,2100,Dricus Du Plessis,Middleweight,9,0,0,1950.9292869019328,1950.9292869019328
351,2102,Ilia Topuria,Featherweight,8,0,0,1928.9457824276155,1928.9457824276155
352,2104,Stephanie Egger,Women's Bantamweight,3,4,0,1480.749454049646,1564.492329903583
353,2105,Tagir Ulanbekov,Flyweight,5,1,0,1648.616999564684,1648.616999564684
354,2106,Guram Kutateladze,Lightweight,2,3,0,1471.8817371411983,1540.0
355,2107,Mateusz Gamrot,Lightweight,7,3,0,1732.5702986033132,1770.0018865127065
356,2109,Phil Hawes,Middleweight,4,4,0,1461.9717906600808,1618.018830550975
357,2110,Jacob Malkoun,Middleweight,4,3,0,1559.340681939482,1559.340681939482
358,2112,Shavkat Rakhmonov,Welterweight,7,0,0,1845.221390418753,1845.221390418753
359,2113,Miranda Maverick,Women's Flyweight,8,3,0,1653.284322961983,1653.284322961983
360,2115,Adrian Yanez,Bantamweight,6,3,0,1609.1501839469438,1697.3461782751522
361,2119,Ramiz Brahimaj,Welterweight,3,3,0,1519.9289395051478,1519.9289395051478
362,2120,Cory McKenna,Women's Strawweight,3,3,0,1481.7063463015888,1573.0005604294654
363,2121,Kanako Murata,Women's Strawweight,1,2,0,1454.042990350629,1535.9446665678322
364,2122,Jared Gooden,Welterweight,2,5,0,1446.7326927826484,1500.0
365,2123,Dustin Stoltzfus,Middleweight,3,5,0,1467.9589410036003,1500.0
366,2126,Josh Parisian,Heavyweight,2,5,0,1386.5227628452008,1500.0
367,2127,Jordan Leavitt,Lightweight,4,3,0,1536.2986371042723,1587.9452118684285
368,2128,Sam Hughes,Women's Strawweight,5,5,0,1543.9489992736328,1543.9489992736328
369,2129,Tafon Nchukwi,Middleweight,2,4,0,1399.8566446089128,1540.0
370,2130,Jamie Pickett,Middleweight,2,7,0,1334.055854708459,1500.558344905422
371,2131,Jimmy Flick,Flyweight,2,3,0,1459.781773170897,1549.0776021819645
372,2132,Joselyne Edwards,Women's Bantamweight,5,4,0,1522.3822558031975,1557.8970735890553
373,2136,Umar Nurmagomedov,Bantamweight,6,1,0,1727.934368528654,1752.2767212048425
374,2138,Manon Fiorot,Women's Flyweight,7,0,0,1774.4488849144232,1774.4488849144232
375,2139,Victoria Leonardo,Women's Flyweight,1,4,0,1379.186881910952,1500.0
376,2140,Michael Chandler,Lightweight,2,4,0,1570.6988611663598,1603.4996558541116
377,2141,Manel Kape,Flyweight,6,3,0,1669.8382619782633,1669.8382619782633
378,2142,Phil Rowe,Welterweight,3,3,0,1553.9185586542503,1606.6070618855638
379,2143,Casey O'Neill,Women's Flyweight,5,2,0,1592.7559108938715,1648.621045648529
380,2146,Ronnie Lawrence,Bantamweight,2,2,0,1500.3294661916816,1582.3640127922724
381,2147,Carlos Ulberg,Light Heavyweight,8,1,0,1775.4648867737214,1775.4648867737214
382,2148,Uros Medic,Lightweight,4,3,0,1542.1496689481166,1602.251664155366
383,2150,Rafa Garcia,Lightweight,4,4,0,1540.129997418578,1567.3719843344156
384,2152,Montserrat Conejo Ruiz,Women's Strawweight,1,3,0,1403.5357425339128,1540.0
385,2156,JP Buys,Flyweight,0,4,0,1341.41678029047,1500.0
386,2158,Ignacio Bahamondes,Lightweight,6,2,0,1686.911428418429,1686.911428418429
387,2160,Loopy Godinez,Women's Strawweight,7,5,0,1574.4818060304797,1636.6062295469649
388,2162,Pat Sabatini,Featherweight,6,2,0,1617.0026570424411,1640.4756261006137
389,2163,Rongzhu,Lightweight,2,3,0,1468.1206510191782,1505.4672134127895
390,2165,Aoriqileng,Flyweight,3,5,0,1452.7644410663831,1508.3751879181268
391,2166,Liang Na,Women's Strawweight,0,4,0,1321.4660834108397,1500.0
392,2167,Luana Pinheiro,Women's Strawweight,3,3,0,1479.8283384611082,1595.6639305961958
393,2168,Carlston Harris,Welterweight,4,3,0,1551.4863651403507,1632.9316971998492
394,2169,Tucker Lutz,Featherweight,1,3,0,1424.8932310375817,1536.9742892776972
395,2170,Chris Barnett,Heavyweight,2,3,0,1477.7244569304944,1520.9129735651595
396,2171,Shayilan Nuerdanbieke,Featherweight,3,3,0,1467.1448161036535,1565.9318146187536
397,2174,Gregory Rodrigues,Middleweight,7,3,0,1645.907598978875,1685.2163392305931
398,2175,Kamuela Kirk,Featherweight,1,2,0,1455.93166502164,1551.6136702976887
399,2176,Tabatha Ricci,Women's Flyweight,6,3,0,1613.6836566346358,1643.5389166859911
400,2177,Terrance McKinney,Lightweight,6,4,0,1559.3896939121626,1598.251695243517
401,2178,Jeremiah Wells,Welterweight,4,2,0,1587.7910338959705,1681.167721653236
402,2180,Preston Parsons,Welterweight,2,4,0,1440.9790305074112,1518.7508052040862
403,2181,Elise Reed,Women's Flyweight,4,4,0,1481.183850211328,1500.0
404,2182,Melsik Baghdasaryan,Featherweight,3,2,0,1523.8812594436515,1583.4258768421462
405,2184,Orion Cosce,Welterweight,1,2,0,1433.9521276726532,1500.0
406,2185,Melissa Gatto,Women's Flyweight,3,2,0,1555.5809980521476,1592.9238675668564
407,2187,Josiane Nunes,Women's Bantamweight,3,3,0,1472.2840451547509,1610.724372206351
408,2188,Bryan Battle,Middleweight,8,1,0,1739.8016903848609,1739.8016903848609
409,2189,Gilbert Urbina,Middleweight,1,2,0,1459.607972806402,1504.761870658709
410,2190,Ricky Turcios,Bantamweight,2,3,0,1442.779521169886,1540.0
411,2191,Brady Hiestand,Bantamweight,3,1,0,1591.9506334767848,1591.9506334767848
412,2192,Andre Petroski,Middleweight,8,2,0,1650.149054857495,1680.760967358235
413,2194,Vanessa Demopoulos,Women's Flyweight,5,3,0,1549.4741470998629,1593.4220152666237
414,2196,Paddy Pimblett,Lightweight,6,0,0,1746.3389867017663,1746.3389867017663
415,2198,Mandy Bohm,Women's Flyweight,1,2,0,1447.1398352933052,1500.0
416,2200,Erin Blanchfield,Women's Flyweight,7,1,0,1750.2489409319585,1750.2489409319585
417,2202,Cody Brundage,Middleweight,5,6,0,1495.914805509261,1553.459787219217
418,2204,Mike Breeden,Lightweight,1,3,0,1445.2565275461398,1500.0
419,2207,Istela Nunes,Women's Strawweight,0,4,0,1338.7096239790878,1500.0
420,2208,David Onama,Lightweight,5,2,0,1621.9546963398172,1621.9546963398172
421,2209,Maria Oliveira,Women's Strawweight,1,3,0,1418.9623443851692,1500.0
422,2210,Daniel Lacerda,Flyweight,0,6,0,1282.5897539254065,1500.0
423,2212,Albert Duraev,Middleweight,2,2,0,1498.8745451247344,1535.3568407132043
424,2213,Benoit Saint Denis,Welterweight,5,3,0,1628.4655264387493,1696.932195515286
425,2215,Alex Pereira,Middleweight,9,2,0,1914.2304870878768,1952.2203592468868
426,2216,Chris Curtis,Middleweight,5,5,0,1564.825001743565,1663.307500713266
427,2217,Ian Machado Garry,Welterweight,8,1,0,1757.1396229509694,1786.6352009974894
428,2219,CJ Vergara,Flyweight,3,4,0,1450.7875071848562,1526.8074041292973
429,2220,Natan Levy,Lightweight,2,2,0,1486.251633627101,1525.038547952162
430,2222,Viacheslav Borshchev,Lightweight,3,4,1,1484.8388200085153,1545.2218403292202
431,2223,Joanderson Brito,Featherweight,5,2,0,1661.2397245953402,1703.378909445939
432,2224,Joseph Holmes,Middleweight,1,3,0,1408.721992732859,1500.0
433,2225,Andre Fialho,Welterweight,2,5,0,1424.9266780811913,1576.0897366330962
434,2226,Michael Morales,Welterweight,5,0,0,1733.1094619363355,1733.1094619363355
435,2227,Victor Henry,Bantamweight,3,3,0,1541.0959956506483,1591.15518674379
436,2228,Jack Della Maddalena,Welterweight,7,0,0,1802.970645773941,1802.970645773941
437,2229,Pete Rodriguez,Welterweight,1,2,0,1450.551951457206,1500.2202624426168
438,2231,Genaro Valdez,Lightweight,0,3,0,1374.7490617016313,1500.0
439,2232,Jasmine Jasudavicius,Women's Flyweight,7,2,0,1667.0354621917745,1667.0354621917745
440,2233,Tresean Gore,Middleweight,2,2,0,1515.1913688152233,1515.1913688152233
441,2234,Chidi Njokuani,Middleweight,5,3,0,1584.8470506240392,1596.147353309071
442,2235,Jailton Almeida,Light Heavyweight,8,1,0,1782.427924524549,1782.427924524549
443,2236,Denys Bondar,Flyweight,0,3,0,1374.7032840828122,1500.0
444,2237,AJ Dobson,Middleweight,1,3,0,1426.3571687760625,1500.0
445,2238,Blood Diamond,Welterweight,0,3,0,1389.6432088502474,1500.0
446,2239,Nikolas Motta,Lightweight,3,3,0,1521.633430614619,1521.633430614619
447,2240,Chad Anheliger,Bantamweight,2,3,0,1455.089702302487,1544.9862567242296
448,2241,Christian Rodriguez,Featherweight,5,2,0,1606.2310871844422,1633.128371321378
449,2243,Armen Petrosyan,Middleweight,3,4,0,1462.1270152853554,1580.256900231971
450,2245,Carlos Hernandez,Flyweight,3,3,0,1492.882003056019,1540.0
451,2246,Victor Altamirano,Flyweight,2,4,0,1423.506541891653,1541.1111617319716
452,2247,AJ Fletcher,Welterweight,1,3,0,1451.8420642784015,1500.0
453,2248,Javid Basharat,Bantamweight,4,2,0,1558.0976587257794,1641.9706469231176
454,2249,Azamat Murzakanov,Light Heavyweight,4,0,0,1687.4572158276433,1687.4572158276433
455,2250,Muhammad Mokaev,Flyweight,7,0,0,1736.1683388659874,1736.1683388659874
456,2251,Aliaskhab Khizriev,Middleweight,2,0,0,1590.7083815184048,1590.7083815184048
457,2252,Denis Tiuliulin,Middleweight,1,5,0,1364.7867781456796,1501.102855578872
458,2253,Josh Fremd,Middleweight,2,4,0,1432.5844482982795,1500.0
459,2254,Mike Malott,Welterweight,4,1,0,1623.029959735542,1633.6317455842827
460,2255,Piera Rodriguez,Women's Strawweight,3,2,0,1531.3517745290585,1570.3410547574938
461,2256,Daniel Santos,Bantamweight,2,1,0,1561.6124595404262,1561.6124595404262
462,2257,Caio Borralho,Middleweight,7,0,0,1757.0035177793864,1757.0035177793864
463,2259,Ange Loosa,Welterweight,2,3,0,1476.1302965895586,1531.791260439605
464,2260,Martin Buday,Heavyweight,5,1,0,1605.4190708287438,1629.7754989313542
465,2261,Trey Ogden,Lightweight,4,3,0,1542.317085799536,1575.9779970273992
466,2262,Evan Elder,Welterweight,2,2,0,1493.1099945393032,1500.0
467,2264,Yohan Lainesse,Welterweight,1,3,0,1404.6469877551488,1500.0
468,2266,Kleydson Rodrigues,Flyweight,1,3,0,1440.4491893387176,1508.7684787139085
469,2267,Fernie Garcia,Bantamweight,0,4,0,1352.702468853438,1500.0
470,2268,Manuel Torres,Lightweight,3,1,0,1581.6185588657158,1631.9201379596227
471,2269,Jake Hadley,Flyweight,3,4,0,1477.3411146571648,1548.0470107767885
472,2270,Tatsuro Taira,Flyweight,6,1,0,1680.7563457046804,1719.2061861823424
473,2272,Lucas Almeida,Featherweight,2,3,0,1474.4709843520427,1555.704523472741
474,2273,Karine Silva,Women's Flyweight,4,1,0,1615.9629145220586,1662.315656773452
475,2275,Dan Argueta,Featherweight,3,3,0,1496.2592152118923,1587.6412764362028
476,2276,Rinat Fakhretdinov,Welterweight,5,0,1,1704.345932571542,1704.345932571542
477,2277,Maheshate,Lightweight,2,3,0,1457.9364147767103,1551.8163520519004
478,2278,Natalia Silva,Women's Flyweight,6,0,0,1716.4194857615355,1716.4194857615355
479,2279,Garrett Armfield,Featherweight,2,3,0,1458.178061148068,1542.5917614937655
480,2280,Emily Ducote,Women's Strawweight,2,3,0,1465.5025512949594,1541.4961877671294
481,2281,Charles Johnson,Flyweight,6,5,0,1558.9851806504018,1592.7112609445353
482,2282,Hamdy Abdelwahab,Heavyweight,1,1,0,1507.9250300568858,1507.9250300568858
483,2283,Adam Fugitt,Welterweight,2,2,0,1508.607834475266,1510.5422235882238
484,2284,Ihor Potieria,Light Heavyweight,2,6,0,1393.303135935555,1522.516125958626
485,2285,Mohammed Usman,Heavyweight,3,2,0,1518.4676219659675,1604.8998272486674
486,2286,Zac Pauga,Heavyweight,1,3,0,1399.637027812101,1500.0
487,2287,Juliana Miller,Women's Flyweight,1,2,0,1448.6558860752043,1550.0
488,2288,Brogan Walker,Women's Flyweight,0,2,0,1412.122200364948,1500.0
489,2289,Yazmin Jauregui,Women's Strawweight,3,2,0,1505.220223530673,1574.7440608646282
490,2290,Iasmin Lucindo,Women's Strawweight,4,2,0,1593.916929066293,1625.2143167389838
491,2291,Lukasz Brzeski,Heavyweight,1,5,0,1381.7218869914732,1500.0
492,2292,Josh Quinlan,Catch Weight,1,3,0,1418.412096733195,1545.4466382098472
493,2293,Da'Mon Blackshear,Bantamweight,4,3,1,1577.504769036446,1577.504769036446
494,2294,William Gomis,Featherweight,4,1,0,1621.0676047611207,1664.4186895582675
495,2295,Jarno Errens,Featherweight,1,3,0,1426.558186967712,1500.0
496,2296,Abus Magomedov,Middleweight,3,2,0,1582.0681181095122,1582.0681181095122
497,2297,Michal Figlak,Lightweight,0,2,0,1419.4673757452117,1500.0
498,2298,Gabriel Miranda,Lightweight,1,2,0,1451.1571719010396,1500.0
499,2299,Cristian Quinonez,Bantamweight,1,2,0,1466.5820869778163,1547.8146017248826
500,2300,Ailin Perez,Women's Featherweight,5,1,0,1634.4588474907516,1634.4588474907516
501,2301,Anton Turkalj,Catch Weight,0,4,0,1355.353590038797,1500.0
502,2303,Melissa Martinez,Women's Strawweight,1,1,0,1492.8487200315544,1500.0
503,2304,Joe Pyfer,Middleweight,4,1,0,1640.630196152572,1640.630196152572
504,2305,Denise Gomes,Women's Strawweight,4,2,0,1596.1736707755388,1596.1736707755388
505,2306,Daniel Zellhuber,Lightweight,3,2,0,1544.8004837009453,1583.4081306739406
506,2308,Chelsea Chandler,Catch Weight,2,2,0,1514.791492331527,1559.3921144333124
507,2309,Lucas Alexander,Featherweight,1,3,0,1402.7030787580647,1500.0
508,2310,Waldo Cortes-Acosta,Heavyweight,6,1,0,1667.576980081452,1667.576980081452
509,2313,Tamires Vidal,Women's Bantamweight,1,3,0,1410.120035812358,1541.7805129360718
510,2314,Tereza Bleda,Women's Flyweight,1,1,0,1494.61924443027,1500.0
511,2315,Francis Marshall,Featherweight,2,3,0,1462.476250308854,1540.555727981261
512,2316,Raul Rosas Jr.,Bantamweight,4,1,0,1609.9975706994055,1609.9975706994055
513,2317,Erik Silva,Featherweight,0,2,0,1415.3639283539198,1500.0
514,2318,Cameron Saaiman,Bantamweight,3,2,0,1530.7875086644842,1624.6344775256864
515,2320,Alessandro Costa,Flyweight,2,2,0,1525.7468951584688,1525.7468951584688
516,2321,Mateus Mendonca,Bantamweight,0,3,0,1398.4098813403905,1500.0
517,2322,Claudio Ribeiro,Middleweight,1,3,0,1418.9092973788277,1500.8784864208778
518,2323,Mateusz Rebecki,Lightweight,4,1,0,1625.3980527703743,1630.6074662274552
519,2324,Nick Fiore,Lightweight,0,2,0,1424.4893096313106,1500.0
520,2325,Nick Aguirre,Featherweight,0,2,0,1413.8628777127212,1500.0
521,2326,Brunno Ferreira,Middleweight,4,2,0,1581.0603053970565,1592.523996842467
522,2327,Melquizael Costa,Lightweight,3,2,0,1566.1344160348028,1566.1344160348028
523,2328,Gabriel Bonfim,Welterweight,4,1,0,1646.067755321044,1646.067755321044
524,2329,Luan Lacerda,Bantamweight,0,2,0,1420.1083981619877,1500.0
525,2330,Ismael Bonfim,Lightweight,2,2,0,1519.3025421974412,1564.3621240552136
526,2331,Daniel Marcos,Bantamweight,5,0,0,1688.0784043291435,1688.0784043291435
527,2332,Yusaku Kinoshita,Welterweight,0,2,0,1402.1596276238442,1500.0
528,2333,Anshul Jubli,Lightweight,1,2,0,1453.3852958650411,1570.0
529,2334,Jeka Saragih,Lightweight,1,2,0,1448.5084045682756,1504.228491682923
530,2335,JeongYeong Lee,Featherweight,2,1,0,1536.836732760654,1590.5931080536575
531,2336,Yizha,Featherweight,0,2,0,1417.7741028314922,1500.0
532,2337,Rinya Nakamura,Bantamweight,3,1,0,1570.291565527768,1620.3400517922355
533,2338,Toshiomi Kazama,Bantamweight,1,2,0,1453.1805248686064,1500.0
534,2339,HyunSung Park,Flyweight,2,0,0,1599.2773857115424,1599.2773857115424
535,2341,Jesus Aguilar,Flyweight,3,2,0,1538.4628893732438,1578.7727761108638
536,2342,Shannon Ross,Flyweight,0,3,0,1366.932999324598,1500.0
537,2343,Francisco Prado,Lightweight,1,3,0,1466.5959801624024,1522.5277884398004
538,2344,Jack Jenkins,Featherweight,3,2,0,1507.8654666850807,1572.1881112958476
539,2345,Blake Bilder,Featherweight,1,2,0,1454.1041775115928,1536.0566140992844
540,2346,Elves Brener,Lightweight,3,2,0,1548.157246931706,1633.8960566786684
541,2347,Jamal Pogues,Heavyweight,2,2,0,1489.0542404250004,1538.4714688583358
542,2348,Nazim Sadykhov,Lightweight,3,0,1,1627.6592573285695,1627.6592573285695
543,2350,Themba Gorimbo,Welterweight,4,2,0,1575.4154559272938,1602.626785832495
544,2351,Clayton Carpenter,Flyweight,2,1,0,1550.961775553807,1585.5594309218477
545,2352,Trevor Peek,Lightweight,2,3,0,1465.2087607295834,1541.6579103819151
546,2353,Gabriella Fernandes,Women's Flyweight,2,2,0,1519.4696282764437,1519.4696282764437
547,2354,Victor Martinez,Lightweight,0,2,0,1404.5862719194097,1500.0
548,2355,Carl Deaton,Lightweight,0,2,0,1422.551856022229,1500.0
549,2356,Nurullo Aliev,Lightweight,2,0,0,1582.6808908729208,1582.6808908729208
550,2357,Bo Nickal,Middleweight,4,0,0,1655.538571627372,1655.538571627372
551,2358,Farid Basharat,Bantamweight,4,0,0,1652.02459810114,1652.02459810114
552,2359,Loik Radzhabov,Lightweight,2,2,0,1503.101832093599,1540.0
553,2360,Esteban Ribovics,Lightweight,3,2,0,1568.352607480375,1597.877688180113
554,2361,Vitor Petrino,Light Heavyweight,4,2,0,1558.1825831995288,1648.0275425141128
555,2362,Karl Williams,Heavyweight,3,1,0,1551.7888600295855,1593.5567771788387
556,2363,Sedriques Dumas,Middleweight,3,2,0,1505.6218438011983,1521.6914501448505
557,2364,Chris Duncan,Lightweight,4,1,0,1610.343171695744,1610.343171695744
558,2365,Yanal Ashmouz,Lightweight,2,1,0,1546.5555105107226,1550.0
559,2366,Sam Patterson,Lightweight,3,1,0,1589.8840475132984,1589.8840475132984
560,2367,Jafel Filho,Flyweight,2,1,0,1558.3485178222884,1558.3485178222884
561,2368,Gabriel Santos,Featherweight,2,2,0,1526.5655520773073,1526.5655520773073
562,2369,Christian Leroy Duncan,Middleweight,4,2,0,1587.2126521561984,1587.2126521561984
563,2370,Vinicius Salvador,Flyweight,0,3,0,1395.9616085335608,1500.0
564,2371,Jaqueline Amorim,Women's Strawweight,3,1,0,1610.6080587985584,1610.6080587985584
565,2372,Bruna Brasil,Women's Strawweight,2,3,0,1469.313998469484,1507.6099146349177
566,2373,Gaston Bolanos,Bantamweight,2,1,0,1522.6785522765197,1527.0972838569144
567,2374,Junior Tafa,Heavyweight,2,3,0,1485.1467617200497,1519.9678725394986
568,2375,Fernando Padilla,Featherweight,2,2,0,1512.8453949664915,1553.261974363014
569,2376,Trey Waters,Welterweight,2,0,0,1584.036727850358,1584.036727850358
570,2377,Irina Alekseeva,Women's Bantamweight,1,1,0,1509.7318709177057,1554.836742093037
571,2378,Marcus McGhee,Catch Weight,4,0,0,1660.0962610758752,1660.0962610758752
572,2379,Jamey-Lyn Horth,Women's Bantamweight,2,2,0,1503.7192143956345,1540.0
573,2380,Hailey Cowan,Women's Bantamweight,0,1,0,1460.0,1500.0
574,2381,Diego Lopes,Featherweight,5,1,0,1733.6586492772435,1733.6586492772435
575,2382,Rolando Bedoya,Welterweight,0,3,0,1404.5026157630848,1500.0
576,2383,Braxton Smith,Heavyweight,0,1,0,1446.030340606792,1500.0
577,2384,Ikram Aliskerov,Middleweight,2,1,0,1581.9621840299924,1607.3185207629206
578,2385,Tainara Lisboa,Women's Bantamweight,2,0,0,1577.297712149545,1577.297712149545
579,2386,Jesse Butler,Lightweight,0,2,0,1431.7938872498587,1500.0
580,2387,Ketlen Souza,Women's Flyweight,2,2,0,1510.8901493953438,1549.0558844303018
581,2388,Muin Gafurov,Bantamweight,2,2,0,1542.3653458226322,1542.3653458226322
582,2389,Muhammad Naimov,Lightweight,4,1,0,1603.9179208086775,1640.0251763974636
583,2390,Steve Erceg,Flyweight,3,2,0,1559.9933551087452,1626.6142507423428
584,2391,Austen Lane,Heavyweight,2,3,0,1440.3478650341542,1542.556006761975
585,2392,Joshua Van,Flyweight,6,1,0,1640.170694979511,1640.170694979511
586,2393,Chepe Mariscal,Lightweight,5,0,0,1685.8043160225998,1685.8043160225998
587,2394,Nursulton Ruziboev,Middleweight,3,1,0,1611.7834289996508,1611.7834289996508
588,2395,Westin Wilson,Featherweight,1,2,0,1469.0593145932864,1500.0
589,2396,Ivana Petrovic,Women's Flyweight,1,2,0,1454.3962580150276,1500.0
590,2397,Val Woodburn,Middleweight,0,2,0,1420.414239344948,1500.0
591,2398,Edgar Chairez,Catch Weight,2,2,0,1489.7165711367577,1524.20089663186
592,2399,Terrence Mitchell,Bantamweight,0,2,0,1414.9532884765024,1500.0
593,2400,Bassil Hafez,Welterweight,1,2,0,1481.546932530631,1524.373069123572
594,2401,Viktoriia Dudakova,Women's Strawweight,2,2,0,1460.271248554726,1559.3231880147966
595,2402,Azat Maksum,Flyweight,1,1,0,1491.5116576095097,1541.4475731270038
596,2403,Jonny Parsons,Welterweight,1,0,0,1553.7417987737156,1553.7417987737156
597,2404,Mick Parkin,Heavyweight,4,1,0,1616.5020482248058,1648.7212089679556
598,2405,Shauna Bannon,Women's Strawweight,2,1,0,1548.028937652731,1548.028937652731
599,2406,Daniel Barez,Flyweight,1,2,0,1454.697424632424,1500.0
600,2407,Darrius Flowers,Welterweight,0,3,0,1388.9769660954814,1500.0
601,2408,Dennis Buzukja,Featherweight,1,3,0,1435.23554241142,1500.0
602,2409,Asu Almabayev,Flyweight,4,1,0,1602.7545157436014,1651.442945434757
603,2410,Isaac Dulgarian,Featherweight,2,1,0,1556.0916129398245,1556.0916129398245
604,2411,Jose Johnson,Bantamweight,1,3,0,1429.6814491776668,1506.066997593823
605,2412,Luana Santos,Women's Flyweight,3,1,0,1572.6899549165878,1616.412453248974
606,2413,Billy Ray Goff,Welterweight,1,1,0,1504.8907815324385,1543.7249104993905
607,2414,Bogdan Guskov,Light Heavyweight,3,1,0,1607.6479498604515,1607.6479498604515
608,2415,Yanis Ghemmouri,Featherweight,0,2,0,1424.5981117786284,1500.0
609,2416,Morgan Charriere,Featherweight,2,2,0,1533.5121107632283,1562.1328499650297
610,2417,Manolo Zecchini,Featherweight,0,1,0,1450.0,1500.0
611,2418,Caolan Loughran,Bantamweight,2,2,0,1514.5695487872488,1514.5695487872488
612,2419,Nora Cornolle,Women's Bantamweight,2,1,0,1554.8466699105038,1595.566097997155
613,2420,Jacqueline Cavalcanti,Catch Weight,4,0,0,1638.621687957517,1638.621687957517
614,2421,Felipe dos Santos,Flyweight,1,3,0,1449.701958605787,1511.6109679199972
615,2422,Landon Quinones,Lightweight,0,2,0,1433.291113433813,1500.0
616,2423,Charles Radtke,Welterweight,3,1,0,1571.915702127564,1576.911724142967
617,2424,Kevin Jousset,Welterweight,2,2,0,1505.561132920172,1586.807778527185
618,2425,Kiefer Crosbie,Welterweight,0,2,0,1410.01834253792,1500.0
619,2426,Charlie Campbell,Lightweight,2,0,0,1583.7229998146397,1583.7229998146397
620,2427,Josefine Knutsson,Women's Strawweight,2,1,0,1527.0935024837245,1574.5296925665411
621,2428,Marnic Mann,Women's Strawweight,0,2,0,1420.7112471834748,1500.0
622,2429,Montserrat Rendon,Women's Bantamweight,1,1,0,1500.787370773359,1544.787106049558
623,2430,Ravena Oliveira,Women's Bantamweight,0,1,0,1464.9381835937172,1500.0
624,2431,Brendon Marotte,Lightweight,0,2,0,1413.194318436748,1500.0
625,2432,Melissa Mullins,Women's Bantamweight,2,1,0,1545.5952408507874,1546.2614063336732
626,2433,Mohammad Yahya,Lightweight,0,2,0,1410.6459932291718,1500.0
627,2434,Shara Magomedov,Middleweight,4,1,0,1617.5201896403066,1665.648401985106
628,2435,Kaynan Kruschewsky,Catch Weight,0,2,0,1414.6244810673215,1500.0
629,2436,Eduarda Moura,Women's Strawweight,2,1,0,1544.9355019961768,1544.9355019961768
630,2437,Kaue Fernandes,Lightweight,2,1,0,1545.799283500963,1545.799283500963
631,2438,Kevin Borjas,Flyweight,0,2,0,1415.9870886623485,1500.0
632,2439,Payton Talbott,Bantamweight,3,1,0,1587.5723866514982,1629.899109454521
633,2440,Myktybek Orolbai,Welterweight,2,1,0,1566.5696971780649,1606.6753934478563
634,2441,Caio Machado,Heavyweight,0,3,0,1393.0449007573552,1500.0
635,2442,Rafael Estevam,Flyweight,2,0,0,1580.646705480623,1580.646705480623
636,2443,Zachary Reese,Middleweight,2,2,0,1486.8619417948355,1537.8800528759507
637,2444,Rodolfo Bellato,Light Heavyweight,1,0,1,1545.543627769662,1547.8676390414134
638,2445,Talita Alencar,Women's Strawweight,1,1,0,1496.5296925665411,1540.0
639,2446,Rayanne dos Santos,Women's Strawweight,0,2,0,1425.4703074334589,1500.0
640,2447,Shamil Gaziev,Heavyweight,3,1,0,1606.8232020132148,1606.8232020132148
641,2448,Jean Silva,Featherweight,4,0,0,1687.2708661506028,1687.2708661506028
642,2449,Tom Nolan,Lightweight,3,1,0,1559.1932186464114,1559.1932186464114
643,2450,Felipe Bunes,Flyweight,1,1,0,1506.3009132974755,1506.3009132974755
644,2451,Ramon Taveras,Bantamweight,1,1,0,1503.6177967064218,1540.0
645,2452,Serhiy Sidey,Bantamweight,1,1,0,1503.2609499966063,1503.2609499966063
646,2453,MarQuel Mederos,Lightweight,1,0,0,1536.417368901651,1536.417368901651
647,2454,Thomas Petersen,Heavyweight,1,2,0,1467.9971771632934,1509.9503101087123
648,2455,Robert Bryczek,Middleweight,0,1,0,1452.7622054827132,1500.0
649,2456,Carlos Prates,Welterweight,4,0,0,1715.8697173116047,1715.8697173116047
650,2457,Bolaji Oki,Lightweight,1,1,0,1492.1850712613325,1540.0
651,2458,Timmy Cuamba,Lightweight,0,2,0,1422.171265542845,1500.0
652,2459,Hyder Amil,Featherweight,3,0,0,1638.2214529291307,1638.2214529291307
653,2460,Carlos Vera,Bantamweight,1,1,0,1520.6895977259237,1520.6895977259237
654,2461,Zhang Mingyang,Light Heavyweight,2,0,0,1593.4258768421462,1593.4258768421462
655,2462,Brendson Ribeiro,Light Heavyweight,2,2,0,1505.9739535573565,1505.9739535573565
656,2463,Danny Barlow,Welterweight,2,1,0,1530.6184001229603,1583.5666815376708
657,2464,Oban Elliott,Welterweight,3,0,0,1614.799662063088,1614.799662063088
658,2465,Ronaldo Rodriguez,Flyweight,2,0,0,1566.732899827532,1566.732899827532
659,2466,Bekzat Almakhan,Bantamweight,0,1,0,1479.6875509692811,1500.0
660,2467,Vinicius Oliveira,Bantamweight,3,0,0,1649.569276354258,1649.569276354258
661,2468,Benardo Sopaj,Bantamweight,1,1,0,1492.592565458987,1500.0
662,2469,AJ Cunningham,Lightweight,0,2,0,1428.5315110778492,1500.0
663,2470,Abdul-Kareem Al-Selwady,Lightweight,0,1,0,1448.964068408571,1500.0
664,2471,Michael Page,Welterweight,2,1,0,1594.6444886844718,1594.6444886844718
665,2472,Robelis Despaigne,Heavyweight,1,2,0,1462.9607041892484,1541.290518784415
666,2473,Danny Silva,Featherweight,2,0,0,1581.0148337389492,1581.0148337389492
667,2474,Mitch Ramirez,Lightweight,0,1,0,1458.414739968582,1500.0
668,2475,Charalampos Grigoriou,Bantamweight,0,2,0,1402.053696438766,1500.0
669,2476,Luis Pajuelo,Featherweight,0,1,0,1452.4607420401005,1500.0
670,2477,Steven Nguyen,Featherweight,0,1,0,1450.738908726453,1500.0
671,2478,Daria Zhelezniakova,Women's Bantamweight,1,1,0,1499.4994936913688,1545.1279336166142
672,2479,Andre Lima,Flyweight,4,0,0,1638.6751761938408,1638.6751761938408
673,2480,Igor Severino,Flyweight,0,1,0,1460.0,1500.0
674,2481,Connor Matthews,Featherweight,0,2,0,1398.2854659866305,1500.0
675,2482,Ibo Aslan,Light Heavyweight,2,1,0,1527.5691872155237,1582.626923903133
676,2483,Angel Pacheco,Bantamweight,0,1,0,1456.435577545462,1500.0
677,2484,Valter Walker,Heavyweight,2,1,0,1546.740814447474,1546.740814447474
678,2485,Victor Hugo,Bantamweight,1,1,0,1510.2259819491987,1540.0
679,2486,Pedro Falcao,Bantamweight,0,1,0,1460.0,1500.0
680,2487,Jean Matsumoto,Bantamweight,2,1,0,1567.7954776871554,1592.823194551053
681,2488,Cesar Almeida,Middleweight,3,1,0,1592.1618772487636,1592.1618772487636
682,2489,Dylan Budka,Middleweight,0,3,0,1390.655795479091,1500.0
683,2490,Kayla Harrison,Women's Bantamweight,2,0,0,1612.9536952742412,1612.9536952742412
684,2491,Jhonata Diniz,Heavyweight,2,1,0,1551.7538123012555,1592.560640368689
685,2492,Chris Padilla,Lightweight,3,0,0,1616.1001249094431,1616.1001249094431
686,2493,James Llontop,Lightweight,0,3,0,1392.9950559094862,1500.0
687,2494,Mauricio Ruffy,Lightweight,3,0,0,1631.61536952605,1631.61536952605
688,2495,Dione Barbosa,Women's Flyweight,1,1,0,1508.396066812575,1540.0
689,2496,Ernesta Kareckaite,Women's Flyweight,1,1,0,1503.4703074334589,1503.4703074334589
690,2497,Oumar Sy,Light Heavyweight,2,0,0,1585.5593330198062,1585.5593330198062
691,2498,Tuco Tokkos,Light Heavyweight,0,2,0,1418.354028566926,1500.0
692,2499,Mitch Raposo,Flyweight,0,1,0,1464.5849307009837,1500.0
693,2500,Puja Tomar,Women's Strawweight,1,1,0,1484.2254395974085,1535.4150692990163
694,2501,Carli Judice,Women's Flyweight,1,1,0,1505.4318711633437,1505.4318711633437
695,2502,Julia Polastri,Women's Strawweight,1,1,0,1510.0248498605015,1510.0248498605015
696,2503,Antonio Trocoli,Middleweight,0,2,0,1410.6642869556713,1500.0
697,2504,Felipe Lima,Featherweight,2,0,0,1604.7034695531445,1604.7034695531445
698,2505,Magomed Gadzhiyasulov,Light Heavyweight,1,1,0,1491.4470956552805,1534.2829506073294
699,2506,ChangHo Lee,Bantamweight,1,0,0,1540.0,1540.0
700,2507,Xiao Long,Bantamweight,1,1,0,1511.1936364977073,1511.1936364977073
701,2508,Rei Tsuruya,Flyweight,1,1,0,1507.8779649074877,1538.6128929120407
702,2509,Fatima Kline,Women's Flyweight,1,1,0,1523.266245308955,1523.266245308955
703,2510,Alice Ardelean,Women's Strawweight,0,2,0,1415.6019921128616,1500.0
704,2511,Jordan Vucenic,Lightweight,0,2,0,1422.4448373075568,1500.0
705,2512,Nikolay Veretennikov,Welterweight,0,2,0,1420.568761224677,1500.0
706,2513,Quang Le,Bantamweight,0,2,0,1428.3692520741083,1500.0
707,2514,Stephanie Luciano,Women's Strawweight,1,1,0,1501.7000633733876,1544.5849307009837
708,2515,Stewart Nicoll,Flyweight,0,1,0,1456.332565803707,1500.0
709,2516,Ryan Loder,Middleweight,1,0,0,1550.0,1550.0
710,2517,Robert Valentin,Middleweight,0,1,0,1450.0,1500.0
711,2518,Mairon Santos,Featherweight,2,0,0,1582.61261716419,1582.61261716419
712,2519,Kaan Ofli,Featherweight,0,2,0,1425.0329490559477,1500.0
713,2520,Jose Daniel Medina,Middleweight,0,1,0,1459.984494722273,1500.0
714,2521,Wang Cong,Women's Flyweight,2,1,0,1525.8454067471905,1540.591450651591
715,2522,Nathan Fletcher,Featherweight,1,1,0,1500.3173287938098,1548.0
716,2523,Zygimantas Ramaska,Featherweight,0,1,0,1452.0,1500.0
717,2524,Ivan Erslan,Light Heavyweight,0,1,0,1456.814969731234,1500.0
718,2525,Ramazan Temirov,Flyweight,2,0,0,1593.1787648158956,1593.1787648158956
719,2526,Sean Sharaf,Heavyweight,0,1,0,1442.2929935485636,1500.0
720,2527,Cody Haddon,Bantamweight,1,0,0,1543.9872308569263,1543.9872308569263
721,2528,Lucas Rocha,Flyweight,0,1,0,1456.971539521355,1500.0
722,2529,Cameron Smotherman,Bantamweight,1,0,0,1541.4466298765276,1541.4466298765276
723,2530,Rafael Cerqueira,Light Heavyweight,0,2,0,1411.8814999342362,1500.0
724,2531,Carlos Leal,Welterweight,1,1,0,1543.6159956739689,1543.6159956739689
725,2532,Reinier de Ridder,Middleweight,2,0,0,1620.0109152094974,1620.0109152094974
726,2533,Cortavious Romious,Bantamweight,0,1,0,1458.0212479953498,1500.0
727,2534,Mansur Abdul-Malik,Middleweight,2,0,0,1588.6916345130517,1588.6916345130517
728,2535,Zachary Scroggin,Welterweight,0,1,0,1468.1760769356429,1500.0
729,2536,Klaudia Sygula,Women's Bantamweight,0,1,0,1449.6891495475966,1500.0
730,2537,Roberto Romero,Lightweight,0,1,0,1470.9105209761992,1500.0
731,2538,Ozzy Diaz,Light Heavyweight,1,1,0,1499.661112465643,1500.0
732,2539,SuYoung You,Bantamweight,2,0,0,1570.0213480412542,1570.0213480412542
733,2540,Baergeng Jieleyisi,Bantamweight,0,1,0,1460.0,1500.0
734,2541,DongHun Choi,Flyweight,1,0,0,1550.0,1550.0
735,2542,Kiru Sahota,Flyweight,0,1,0,1450.0,1500.0
736,2543,Shi Ming,Women's Strawweight,1,0,0,1550.0,1550.0
737,2544,Feng Xiaocan,Women's Strawweight,0,1,0,1450.0,1500.0
738,2545,Nyamjargal Tumendemberel,Flyweight,0,1,0,1454.6437728498836,1500.0
739,2546,Lone'er Kavanagh,Flyweight,2,0,0,1572.3766952156764,1572.3766952156764
740,2547,Jose Ochoa,Flyweight,0,1,0,1460.0,1500.0
741,2548,Kai Asakura,Flyweight,0,1,0,1480.8727193491177,1500.0
742,2549,Navajo Stirling,Light Heavyweight,1,0,0,1534.5086886493066,1534.5086886493066
743,2550,Austin Bashi,Featherweight,0,1,0,1469.041840593386,1500.0
744,2551,Marco Tulio,Middleweight,1,0,0,1542.0169836442894,1542.0169836442894
745,2552,Jacobe Smith,Welterweight,1,0,0,1548.206284518133,1548.206284518133
746,2553,Nicolle Caliari,Women's Flyweight,0,1,0,1455.4150692990163,1500.0
747,2554,Bruno Lopes,Light Heavyweight,1,0,0,1543.9342102072296,1543.9342102072296
748,2555,Azamat Bekoev,Middleweight,1,0,0,1554.3439038714755,1554.3439038714755
749,2556,Billy Elekana,Light Heavyweight,0,1,0,1459.952151805121,1500.0
750,2557,Bogdan Grad,Featherweight,1,0,0,1543.581796696331,1543.581796696331
751,2558,Tallison Teixeira,Heavyweight,1,0,0,1550.5254877055145,1550.5254877055145
752,2559,Aleksandre Topuria,Bantamweight,1,0,0,1540.0,1540.0
753,2560,Colby Thicknesse,Bantamweight,0,1,0,1460.0,1500.0
754,2561,Kody Steele,Lightweight,0,1,0,1451.4320893078802,1500.0
755,2562,Jonathan Micallef,Welterweight,1,0,0,1545.445968306358,1545.445968306358
756,2563,Quillan Salkilld,Lightweight,1,0,0,1550.1790725486871,1550.1790725486871
757,2564,Jose Delgado,Featherweight,1,0,0,1543.237471986703,1543.237471986703
758,2565,Elijah Smith,Bantamweight,1,0,0,1533.8849844450494,1533.8849844450494
759,2566,Julius Walker,Light Heavyweight,0,1,0,1471.553608300227,1500.0
760,2567,Nick Klein,Middleweight,0,1,0,1455.115746725735,1500.0
761,2568,Austin Vanderford,Catch Weight,1,0,0,1546.0678238497037,1546.0678238497037
762,2569,Eric McConico,Middleweight,0,1,0,1458.2147939266033,1500.0
763,2570,Mario Pinto,Heavyweight,1,0,0,1548.2478059999842,1548.2478059999842
764,2571,Djorden Santos,Middleweight,0,1,0,1454.9291660790025,1500.0
765,2572,Diyar Nurgozhay,Light Heavyweight,0,1,0,1447.0008534690276,1500.0
766,2573,Kevin Vallejos,Featherweight,1,0,0,1543.0794214886985,1543.0794214886985
767,2574,Josias Musasa,Bantamweight,0,1,0,1448.597177233093,1500.0
768,2575,Yuneisy Duben,Women's Flyweight,0,1,0,1444.3916841515452,1500.0
769,2576,Alexia Thainara,Women's Strawweight,1,0,0,1548.414986756562,1548.414986756562
770,2577,Andrey Pulyaev,Middleweight,0,1,0,1466.6163722814638,1500.0
